full_name,position,sleeper_adp,espn_adp,spread
Luke McCaffrey,WR,999.0,169.91,829.09
Dyami Brown,WR,999.0,169.99,829.01
Isaac Guerendo,RB,999.0,170.1,828.9
Corey Kiner,RB,424.0,169.99,254.01
Kene Nwangwu,RB,423.0,170.1,252.9
Ronnie Rivers,RB,422.0,169.98,252.02
Sione Vaki,RB,421.0,169.99,251.01
DeeJay Dallas,RB,420.0,170.0,250.0
Malik Benson,WR,419.0,169.99,249.01
Jacob Cowing,WR,418.0,169.99,248.01
Kalel Mullings,RB,417.0,170.0,247.0
Raheim Sanders,RB,416.0,169.99,246.01
Michael Carter,RB,415.0,169.99,245.01
David Moore,WR,414.0,169.98,244.02
Britain Covey,WR,413.0,169.99,243.01
Rasheen Ali,RB,412.0,170.07,241.93
Roschon Johnson,RB,411.0,169.98,241.02
Dont'e Thornton,WR,409.0,169.99,239.01
Jacardia Wright,RB,408.0,169.99,238.01
Julius Chestnut,RB,407.0,169.99,237.01
Tutu Atwell,WR,406.0,170.09,235.91
Efton Chism,WR,405.0,169.96,235.04
Ameer Abdullah,RB,404.0,169.99,234.01
Tom Kennedy,WR,403.0,169.98,233.02
Kaden Wetjen,WR,402.0,169.95,232.05
Nikko Remigio,WR,401.0,169.99,231.01
Kaleb Johnson,RB,400.0,169.96,230.04
Tyler Johnson,WR,398.0,169.99,228.01
Derius Davis,WR,397.0,169.99,227.01
Devin Duvernay,WR,396.0,169.99,226.01
Malachi Corley,WR,395.0,169.99,225.01
Jordan Watkins,WR,394.0,170.0,224.0
Anthony Gould,WR,393.0,170.0,223.0
Skyy Moore,WR,392.0,169.98,222.02
LaJohntay Wester,WR,391.0,169.98,221.02
Trent Sherfield,WR,390.0,169.99,220.01
Kyle Williams,WR,389.0,169.97,219.03
Lan Larison,RB,388.0,169.99,218.01
Tyler Goodson,RB,387.0,169.99,217.01
Arian Smith,WR,386.0,169.99,216.01
Cody White,WR,385.0,169.99,215.01
Jalen Brooks,WR,384.0,169.99,214.01
Reggie Virgil,WR,382.0,169.99,212.01
Xavier Restrepo,WR,381.0,170.0,211.0
Jawhar Jordan,RB,380.0,170.14,209.86
Josh Cameron,WR,379.0,169.98,209.02
David Sills,WR,378.0,169.99,208.01
Dareke Young,WR,377.0,169.99,207.01
Darius Cooper,WR,376.0,169.97,206.03
Kameron Johnson,WR,375.0,169.99,205.01
Jeremy McNichols,RB,374.0,169.99,204.01
Brashard Smith,RB,373.0,170.08,202.92
Tylan Wallace,WR,372.0,169.99,202.01
Dylan Laube,RB,371.0,170.06,200.94
Jordan Whittington,WR,370.0,169.97,200.03
Jaleel McLaughlin,RB,369.0,169.98,199.02
Devin Singletary,RB,368.0,169.98,198.02
Tim Patrick,WR,367.0,169.98,197.02
Tyler Badie,RB,366.0,170.05,195.95
Kaytron Allen,RB,365.0,170.46,194.54
Konata Mumpfield,WR,364.0,169.98,194.02
KeAndre Lambert-Smith,WR,363.0,169.97,193.03
Will Shipley,RB,362.0,170.12,191.88
Elijah Sarratt,WR,361.0,169.99,191.01
Xavier Smith,WR,360.0,169.98,190.02
Odell Beckham,WR,359.0,169.44,189.56
Skyler Bell,WR,358.0,169.93,188.07
Ko Kieft,TE,357.0,169.99,187.01
Kimani Vidal,RB,356.0,170.98,185.02
Robert Tonyan,TE,355.0,169.99,185.01
Feleipe Franks,TE,354.0,170.0,184.0
Max Bredeson,TE,353.0,169.99,183.01
Cameron Latu,TE,352.0,169.99,182.01
Kylen Granson,TE,351.0,170.0,181.0
DJ Giddens,RB,350.0,170.17,179.83
Ben Yurosek,TE,349.0,170.0,179.0
Brenen Thompson,WR,347.0,169.98,177.02
Kevin Austin,WR,346.0,170.0,176.0
Audric Estime,RB,345.0,169.99,175.01
Tyler Conklin,TE,344.0,169.98,174.02
Ian Thomas,TE,343.0,169.99,173.01
Deion Burks,WR,342.0,170.0,172.0
Nate Adkins,TE,341.0,169.99,171.01
Chris Manhertz,TE,340.0,169.99,170.01
Seth McGowan,RB,339.0,170.21,168.79
Stone Smartt,TE,338.0,169.99,168.01
Ashton Dulin,WR,337.0,169.98,167.02
Drew Ogletree,TE,336.0,169.99,166.01
Najee Harris,RB,335.0,170.21,164.79
Blake Whiteheart,TE,334.0,169.99,164.01
Quintin Morris,TE,333.0,170.0,163.0
Eric Saubert,TE,332.0,169.99,162.01
Jordan James,RB,331.0,170.98,160.02
Kendre Miller,RB,330.0,170.16,159.84
Jalen Royals,WR,329.0,169.98,159.02
Riley Nowakowski,TE,328.0,169.99,158.01
Payne Durham,TE,327.0,169.99,157.01
Cyrus Allen,WR,326.0,169.72,156.28
Luke Farrell,TE,325.0,169.98,155.02
Jack Endries,TE,324.0,170.0,154.0
Tanner Hudson,TE,323.0,169.98,153.02
Kaelon Black,RB,322.0,170.45,151.55
Tai Felton,WR,321.0,169.98,151.02
Foster Moreau,TE,320.0,169.99,150.01
Charlie Woerner,TE,319.0,169.99,149.01
Davis Allen,TE,318.0,169.98,148.02
Jimmy Horn,WR,317.0,169.97,147.03
Seydou Traore,TE,316.0,170.0,146.0
Bryce Lance,WR,315.0,169.99,145.01
Durham Smythe,TE,314.0,169.98,144.02
Josh Cuevas,TE,313.0,169.99,143.01
Connor Heyward,TE,312.0,169.99,142.01
Jeremy Ruckert,TE,311.0,169.99,141.01
Bo Melton,WR,310.0,169.98,140.02
Roman Wilson,WR,309.0,169.98,139.02
Joshua Palmer,WR,308.0,169.95,138.05
Devontez Walker,WR,307.0,169.97,137.03
Treylon Burks,WR,306.0,169.99,136.01
Lil'Jordan Humphrey,WR,305.0,169.92,135.08
Jahdae Walker,WR,304.0,169.97,134.03
Demond Claiborne,RB,303.0,170.38,132.62
Mitchell Evans,TE,302.0,169.99,132.01
Isaiah Bond,WR,301.0,169.99,131.01
Zavion Thomas,WR,300.0,169.91,130.09
Nicholas Singleton,RB,299.0,170.41,128.59
Tip Reiman,TE,298.0,169.99,128.01
CJ Daniels,WR,297.0,169.97,127.03
Barion Brown,WR,296.0,169.98,126.02000000000001
Tahj Brooks,RB,295.0,170.14,124.86000000000001
Jaylin Lane,WR,294.0,169.99,124.00999999999999
Emanuel Wilson,RB,293.0,170.21,122.78999999999999
Ben Sinnott,TE,292.0,169.99,122.00999999999999
Brevyn Spann-Ford,TE,291.0,169.98,121.02000000000001
Travis Hunter,WR,240.0,119.47,120.53
Mo Alie-Cox,TE,290.0,169.97,120.03
Emari Demercado,RB,289.0,170.39,118.61000000000001
Tanner Koziol,TE,288.0,170.0,118.0
Mack Hollins,WR,287.0,170.06,116.94
Ollie Gordon,RB,286.0,170.67,115.33000000000001
LeQuint Allen,RB,285.0,170.34,114.66
Nate Boerkircher,TE,284.0,169.99,114.00999999999999
Ja'Tavion Sanders,TE,283.0,169.94,113.06
Luke Schoonmaker,TE,282.0,169.93,112.07
Jaylen Wright,RB,281.0,170.56,110.44
Zachariah Branch,WR,280.0,170.86,109.13999999999999
Isaiah Williams,WR,279.0,169.99,109.00999999999999
Colbie Young,WR,278.0,169.98,108.02000000000001
Tez Johnson,WR,277.0,169.98,107.02000000000001
Josh Whyle,TE,276.0,169.98,106.02000000000001
Max Klare,TE,275.0,169.99,105.00999999999999
Troy Franklin,WR,274.0,170.06,103.94
Nick Westbrook-Ikhine,WR,273.0,169.99,103.00999999999999
Cade Stover,TE,272.0,169.97,102.03
Alvin Kamara,RB,262.0,160.19,101.81
Jonnu Smith,TE,271.0,169.96,101.03999999999999
Demarcus Robinson,WR,270.0,169.98,100.02000000000001
Grant Calcaterra,TE,268.0,169.99,98.00999999999999
Elic Ayomanor,WR,267.0,170.0,97.0
Xavier Legette,WR,266.0,170.72,95.28
Sam Roush,TE,265.0,169.98,95.02000000000001
Antonio Williams,WR,264.0,170.56,93.44
Tyler Higbee,TE,263.0,169.87,93.13
Jalen Coker,WR,64.0,156.49,92.49000000000001
Samaje Perine,RB,261.0,171.16,89.84
Ted Hurst,WR,260.0,170.19,89.81
Drew Sample,TE,258.0,169.98,88.02000000000001
Braelon Allen,RB,259.0,171.0,88.0
Adam Trautman,TE,257.0,169.97,87.03
Jayden Reed,WR,49.0,135.98,86.97999999999999
Emmett Johnson,RB,256.0,169.94,86.06
John Bates,TE,255.0,169.98,85.02000000000001
Jake Tonges,TE,253.0,170.19,82.81
Chimere Dike,WR,252.0,169.84,82.16
Jalen Tolbert,WR,251.0,170.56,80.44
Josh Downs,WR,57.0,137.17,80.16999999999999
Jackson Hawes,TE,250.0,169.97,80.03
Juwan Johnson,TE,80.0,159.58,79.58000000000001
Tommy Tremble,TE,249.0,169.95,79.05000000000001
Jonah Coleman,RB,248.0,169.37,78.63
Isiah Pacheco,RB,237.0,158.68,78.32
Eli Raridon,TE,247.0,169.97,77.03
Oscar Delp,TE,246.0,169.99,76.00999999999999
Tank Bigsby,RB,245.0,169.65,75.35
John Metchie,WR,244.0,169.99,74.00999999999999
Tory Horton,WR,243.0,170.22,72.78
Josh Oliver,TE,242.0,169.95,72.05000000000001
Sean Tucker,RB,241.0,170.34,70.66
Joe Royer,TE,239.0,169.99,69.00999999999999
KaVontae Turpin,WR,238.0,169.79,68.21000000000001
Jadarian Price,RB,137.0,70.86,66.14
Ja'Kobi Lane,WR,234.0,168.54,65.46000000000001
Brock Wright,TE,235.0,169.92,65.08000000000001
Ray Davis,RB,236.0,171.03,64.97
Austin Hooper,TE,233.0,169.99,63.00999999999999
Eli Stowers,TE,232.0,169.97,62.03
Ty Johnson,RB,231.0,170.74,60.25999999999999
Sam Darnold,QB,102.0,162.1,60.099999999999994
Marlin Klein,TE,230.0,169.99,60.00999999999999
AJ Barner,TE,110.0,169.71,59.71000000000001
Dalton Schultz,TE,109.0,168.55,59.55000000000001
Isaac TeSlaa,WR,229.0,170.27,58.72999999999999
Chig Okonkwo,TE,112.0,170.13,58.129999999999995
Darius Slayton,WR,228.0,170.6,57.400000000000006
Kalif Raymond,WR,226.0,169.98,56.02000000000001
Mark Andrews,TE,69.0,124.88,55.879999999999995
Omar Cooper,WR,227.0,171.18,55.81999999999999
Khalil Shakir,WR,82.0,137.78,55.78
Erick All,TE,225.0,170.04,54.96000000000001
Kevin Coleman,WR,224.0,169.99,54.00999999999999
Elijah Higgins,TE,223.0,169.94,53.06
Xavier Hutchinson,WR,222.0,170.09,51.91
Mike Washington,RB,215.0,163.54,51.46000000000001
Christian Watson,WR,40.0,91.36,51.36
Keon Coleman,WR,220.0,170.34,49.66
MarShawn Lloyd,RB,97.0,146.22,49.22
Jaylin Noel,WR,221.0,171.82,49.18000000000001
Malik Davis,RB,219.0,170.08,48.91999999999999
Jordan Love,QB,107.0,155.84,48.84
Makai Lemon,WR,183.0,134.77,48.22999999999999
Jared Goff,QB,88.0,135.87,47.870000000000005
Jack Bech,WR,218.0,170.21,47.78999999999999
Romeo Doubs,WR,101.0,148.76,47.75999999999999
J.K. Dobbins,RB,161.0,113.41,47.59
Brian Robinson,RB,214.0,167.08,46.91999999999999
Marvin Mims,WR,217.0,170.16,46.84
Noah Fant,TE,216.0,169.97,46.03
Hunter Henry,TE,105.0,150.21,45.21000000000001
Quentin Johnston,WR,87.0,131.22,44.22
Justice Hill,RB,213.0,168.85,44.150000000000006
Tre Tucker,WR,125.0,169.03,44.03
Terrance Ferguson,TE,211.0,167.84,43.16
Baker Mayfield,QB,103.0,145.92,42.91999999999999
Tyler Shough,QB,111.0,153.34,42.34
Theo Johnson,TE,212.0,170.12,41.879999999999995
TreVeyon Henderson,RB,121.0,79.27,41.730000000000004
Malik Willis,QB,126.0,167.39,41.389999999999986
Kendrick Bourne,WR,210.0,170.0,40.0
Kenyon Sadiq,TE,199.0,159.21,39.78999999999999
Jaylen Warren,RB,52.0,91.18,39.18000000000001
Olamide Zaccheaus,WR,209.0,169.99,39.00999999999999
Chris Godwin,WR,90.0,128.32,38.31999999999999
Jahan Dotson,WR,208.0,170.67,37.33000000000001
George Holani,RB,207.0,170.29,36.71000000000001
Brenton Strange,TE,131.0,167.6,36.599999999999994
Rico Dowdle,RB,61.0,97.38,36.379999999999995
Darren Waller,TE,134.0,170.34,36.34
Brock Purdy,QB,72.0,107.87,35.870000000000005
Isaiah Davis,RB,206.0,170.58,35.41999999999999
Jordan Addison,WR,84.0,119.14,35.14
Tua Tagovailoa,QB,135.0,170.08,35.08000000000001
Tyquan Thornton,WR,205.0,170.42,34.58000000000001
Elijah Arroyo,TE,204.0,169.92,34.08000000000001
Aaron Jones,RB,153.0,118.98,34.019999999999996
Mike Evans,WR,54.0,87.69,33.69
C.J. Stroud,QB,132.0,165.16,33.16
Michael Mayer,TE,203.0,170.23,32.77000000000001
David Montgomery,RB,32.0,64.5,32.5
Evan Engram,TE,202.0,170.02,31.97999999999999
Tee Higgins,WR,20.0,51.83,31.83
David Njoku,TE,201.0,169.64,31.360000000000014
Emeka Egbuka,WR,77.0,45.84,31.159999999999997
Alec Pierce,WR,138.0,107.29,30.709999999999994
Devaughn Vele,WR,141.0,171.65,30.650000000000006
Caleb Williams,QB,62.0,92.45,30.450000000000003
Luther Burden,WR,46.0,76.22,30.22
Will Kacmarek,TE,200.0,169.98,30.02000000000001
Bryce Young,QB,139.0,168.86,29.860000000000014
Tony Pollard,RB,124.0,94.38,29.620000000000005
Travis Kelce,TE,66.0,95.21,29.209999999999994
Jameson Williams,WR,36.0,64.86,28.86
De'Zhaun Stribling,WR,172.0,143.31,28.689999999999998
Charlie Kolar,TE,198.0,169.99,28.00999999999999
Matthew Stafford,QB,117.0,89.05,27.950000000000003
Stefon Diggs,WR,81.0,108.92,27.92
Kyler Murray,QB,113.0,140.76,27.75999999999999
Jeremiyah Love,RB,53.0,25.39,27.61
Cade Otton,TE,143.0,170.36,27.360000000000014
Kyle Monangai,RB,152.0,124.91,27.090000000000003
Darnell Mooney,WR,197.0,170.42,26.580000000000013
Malik Washington,WR,144.0,170.17,26.169999999999987
Rashid Shaheed,WR,133.0,159.14,26.139999999999986
Bhayshul Tuten,RB,91.0,64.98,26.019999999999996
Isaiah Likely,TE,98.0,124.0,26.0
Jayden Daniels,QB,78.0,52.25,25.75
DeMario Douglas,WR,196.0,170.4,25.599999999999994
Deebo Samuel,WR,114.0,139.31,25.310000000000002
Dalton Kincaid,TE,106.0,130.85,24.849999999999994
Gunnar Helm,TE,146.0,170.74,24.74000000000001
Tyrone Tracy,RB,195.0,170.31,24.689999999999998
Pat Freiermuth,TE,145.0,169.49,24.49000000000001
Jaylen Waddle,WR,29.0,53.19,24.189999999999998
Noah Gray,TE,194.0,169.92,24.080000000000013
Kenny Gainwell,RB,130.0,106.14,23.86
Kayshon Boutte,WR,148.0,170.66,22.659999999999997
Zay Flowers,WR,21.0,43.52,22.520000000000003
Caleb Douglas,WR,193.0,170.49,22.50999999999999
Sam LaPorta,TE,50.0,72.42,22.42
Jaxson Dart,QB,59.0,81.3,22.299999999999997
Aaron Rodgers,QB,147.0,169.19,22.189999999999998
Blake Corum,RB,151.0,128.87,22.129999999999995
Woody Marks,RB,173.0,151.0,22.0
Ashton Jeanty,RB,43.0,21.06,21.94
Parker Washington,WR,70.0,91.42,21.42
Tyjae Spears,RB,170.0,148.58,21.419999999999987
Jalen Nailor,WR,150.0,171.05,21.05000000000001
Andrei Iosivas,WR,191.0,170.12,20.879999999999995
Germie Bernard,WR,192.0,171.33,20.669999999999987
Jonathon Brooks,RB,129.0,108.47,20.53
Cole Kmet,TE,190.0,169.74,20.25999999999999
Michael Wilson,WR,83.0,102.16,19.159999999999997
Courtland Sutton,WR,100.0,80.85,19.150000000000006
Daniel Jones,QB,140.0,159.02,19.02000000000001
Chris Brooks,RB,189.0,170.2,18.80000000000001
Terry McLaurin,WR,42.0,60.7,18.700000000000003
T.J. Hockenson,TE,127.0,145.63,18.629999999999995
Marvin Harrison,WR,99.0,80.48,18.519999999999996
KC Concepcion,WR,128.0,146.34,18.340000000000003
Darnell Washington,TE,188.0,169.75,18.25
Colston Loveland,TE,25.0,43.2,18.200000000000003
Drake Maye,QB,65.0,47.34,17.659999999999997
Jauan Jennings,WR,154.0,171.1,17.099999999999994
Nico Collins,WR,9.0,26.06,17.06
Oronde Gadsden,TE,187.0,170.19,16.810000000000002
Tucker Kraft,TE,74.0,90.52,16.519999999999996
Quinshon Judkins,RB,67.0,51.03,15.969999999999999
Harold Fannin,TE,56.0,71.9,15.900000000000006
Saquon Barkley,RB,30.0,14.36,15.64
Dawson Knox,TE,185.0,169.78,15.219999999999999
Josh Allen,QB,35.0,19.92,15.079999999999998
Jake Ferguson,TE,94.0,109.06,15.060000000000002
Tre' Harris,WR,186.0,171.16,14.840000000000003
Tyler Warren,TE,37.0,51.77,14.770000000000003
Bucky Irving,RB,71.0,56.34,14.659999999999997
Rome Odunze,WR,79.0,64.53,14.469999999999999
Cam Ward,QB,155.0,169.17,14.169999999999987
Daniel Bellinger,TE,184.0,169.99,14.009999999999991
RJ Harvey,RB,115.0,128.92,13.919999999999987
Tyler Allgeier,RB,149.0,162.86,13.860000000000014
Davante Adams,WR,60.0,46.2,13.799999999999997
Jakobi Meyers,WR,108.0,121.24,13.239999999999995
Cooper Kupp,WR,157.0,169.2,12.199999999999989
Brock Bowers,TE,12.0,24.09,12.09
Chris Olave,WR,18.0,29.97,11.969999999999999
Colby Parkinson,TE,182.0,170.23,11.77000000000001
Patrick Mahomes,QB,119.0,107.4,11.599999999999994
Lamar Jackson,QB,47.0,35.83,11.170000000000002
Jerry Jeudy,WR,179.0,167.86,11.139999999999986
Jacoby Brissett,QB,159.0,169.97,10.969999999999999
Dontayvion Wicks,WR,160.0,170.96,10.960000000000008
Dylan Sampson,RB,180.0,169.34,10.659999999999997
DK Metcalf,WR,75.0,85.66,10.659999999999997
Matthew Golden,WR,120.0,109.79,10.209999999999994
Dallas Goedert,TE,93.0,103.11,10.11
Adonai Mitchell,WR,181.0,170.93,10.069999999999993
DeVonta Smith,WR,28.0,38.0,10.0
Javonte Williams,RB,24.0,33.8,9.799999999999997
Keenan Allen,WR,156.0,165.77,9.77000000000001
Calvin Ridley,WR,178.0,168.29,9.710000000000008
A.J. Brown,WR,13.0,22.64,9.64
Carnell Tate,WR,68.0,77.06,9.060000000000002
Breece Hall,RB,44.0,35.53,8.469999999999999
Rashod Bateman,WR,163.0,171.41,8.409999999999997
Bo Nix,QB,89.0,97.29,8.290000000000006
Kirk Cousins,QB,162.0,169.96,7.960000000000008
Garrett Wilson,WR,45.0,37.08,7.920000000000002
Tetairoa McMillan,WR,34.0,41.7,7.700000000000003
Denzel Boston,WR,176.0,168.36,7.639999999999986
Brian Thomas,WR,104.0,111.23,7.230000000000004
Chris Rodriguez,RB,158.0,165.0,7.0
Mason Taylor,TE,177.0,170.01,6.990000000000009
Jacory Croskey-Merritt,RB,142.0,135.47,6.530000000000001
Xavier Worthy,WR,122.0,128.33,6.3300000000000125
Omarion Hampton,RB,27.0,20.71,6.289999999999999
Mike Gesicki,TE,164.0,170.23,6.22999999999999
Trey McBride,TE,16.0,22.14,6.140000000000001
Michael Pittman,WR,96.0,90.28,5.719999999999999
Kyle Pitts,TE,73.0,67.33,5.670000000000002
Greg Dulcich,TE,165.0,170.47,5.469999999999999
Chuba Hubbard,RB,116.0,110.9,5.099999999999994
George Kittle,TE,85.0,79.94,5.060000000000002
Rhamondre Stevenson,RB,86.0,81.05,4.950000000000003
Malachi Fields,WR,175.0,170.08,4.9199999999999875
Derrick Henry,RB,22.0,17.2,4.800000000000001
Keaton Mitchell,RB,174.0,169.26,4.740000000000009
Rachaad White,RB,123.0,127.63,4.6299999999999955
Trevor Lawrence,QB,92.0,96.62,4.6200000000000045
Christian McCaffrey,RB,3.0,7.62,4.62
Kyren Williams,RB,33.0,37.51,4.509999999999998
Cam Skattebo,RB,41.0,45.3,4.299999999999997
Joe Burrow,QB,51.0,54.96,3.960000000000001
Rashee Rice,WR,31.0,27.21,3.789999999999999
Travis Etienne,RB,39.0,42.6,3.6000000000000014
Malik Nabers,WR,38.0,34.51,3.490000000000002
Pat Bryant,WR,167.0,170.4,3.4000000000000057
Jordan Mason,RB,136.0,139.36,3.3600000000000136
Amon-Ra St. Brown,WR,5.0,8.33,3.33
James Cook,RB,14.0,10.82,3.1799999999999997
Ryan Flournoy,WR,168.0,171.09,3.0900000000000034
Justin Herbert,QB,95.0,92.03,2.969999999999999
George Pickens,WR,26.0,28.96,2.960000000000001
Wan'Dale Robinson,WR,118.0,115.47,2.530000000000001
Justin Jefferson,WR,15.0,12.55,2.4499999999999993
De'Von Achane,RB,10.0,12.09,2.09
D'Andre Swift,RB,58.0,55.94,2.0600000000000023
Ja'Marr Chase,WR,6.0,4.24,1.7599999999999998
Jalen Hurts,QB,55.0,53.33,1.6700000000000017
Jonathan Taylor,RB,8.0,6.59,1.4100000000000001
Kenneth Walker,RB,23.0,24.34,1.3399999999999999
Puka Nacua,WR,4.0,5.29,1.29
Chase Brown,RB,17.0,18.27,1.2699999999999996
Geno Smith,QB,169.0,170.08,1.0800000000000125
Jaxon Smith-Njigba,WR,7.0,6.09,0.9100000000000001
Deshaun Watson,QB,171.0,170.09,0.9099999999999966
Ladd McConkey,WR,48.0,47.24,0.759999999999998
DJ Moore,WR,63.0,62.3,0.7000000000000028
Drake London,WR,19.0,19.7,0.6999999999999993
Dak Prescott,QB,76.0,75.41,0.5900000000000034
CeeDee Lamb,WR,11.0,11.5,0.5
Jalen McMillan,WR,166.0,165.6,0.4000000000000057
Bijan Robinson,RB,2.0,2.4,0.3999999999999999
Jahmyr Gibbs,RB,1.0,1.36,0.3600000000000001
