full_name,position,team,adp_overall,adp_position,sleeper_proj_pts_week1,lag1_room40_pts,lag1_pts_per_game,lag1_games,lag1_target_share,lag1_snap_share_avg,projected_room40_pts,model_used,new_oc,coach_proe_signature,team_changed,player_type,replacement_value,vorp,vorp_rank,adp_rank,value_gap,injury_shortened_2025,lag1_pace_adj_pts,elite_mover_2026,is_breakout,tier
Drake Maye,QB,NE,101.0,13.0,20.16,359.96,21.1741176470588,17.0,0.0296296296296296,0.965714285714286,351.2096921595677,QB_ridge,1,-5.244402479179989,0,veteran,212.80908857304937,138.40060358651832,1.0,101.0,100.0,False,359.9599999999996,False,False,1
Josh Allen,QB,BUF,27.0,1.0,23.79,374.62,23.41375,16.0,0.0,0.93,301.03461138423575,QB_ridge,0,-1.7945790111540487,0,veteran,212.80908857304937,88.22552281118638,10.0,27.0,17.0,False,398.03375,False,False,2
Bo Nix,QB,DEN,105.0,15.0,19.96,315.84,18.5788235294118,17.0,0.0277777777777778,0.996666666666667,280.1838434147205,QB_ridge,0,1.6623237357923664,0,veteran,212.80908857304937,67.37475484167115,17.0,105.0,88.0,False,315.8400000000006,False,False,2
Caleb Williams,QB,CHI,92.0,11.0,20.39,325.18,19.1282352941176,17.0,0.0588235294117647,0.991578947368421,267.64228624942666,QB_ridge,1,-4.79011169771107,0,veteran,212.80908857304937,54.833197676377296,20.0,92.0,72.0,False,325.1799999999992,False,False,2
Trevor Lawrence,QB,JAX,93.0,12.0,20.38,350.18,20.5988235294118,17.0,0.0,0.968888888888889,262.67537670009426,QB_ridge,1,-2.3156060854344385,0,veteran,212.80908857304937,49.866288127044896,25.0,93.0,68.0,False,350.1800000000006,False,False,2
Jalen Hurts,QB,PHI,50.0,3.0,21.9,305.06,19.06625,16.0,0.0,0.977647058823529,250.58885980755488,QB_ridge,1,-2.3156060854344385,0,veteran,212.80908857304937,37.77977123450552,37.0,50.0,13.0,False,324.12625,False,False,3
Patrick Mahomes,QB,KC,65.0,5.0,21.36,296.68,21.1914285714286,14.0,0.0344827586206897,0.974285714285714,246.0084334194874,QB_ridge,0,5.300602599522808,0,veteran,212.80908857304937,33.19934484643804,41.0,65.0,24.0,False,360.2542857142862,False,False,3
Justin Herbert,QB,LAC,67.0,7.0,21.33,299.88,18.7425,16.0,0.0,0.97,240.29436637586488,QB_ridge,0,-5.848188465752081,0,veteran,212.80908857304937,27.48527780281552,45.0,67.0,22.0,False,318.6225,False,False,3
Matthew Stafford,QB,LAR,112.0,16.0,19.55,358.38,21.0811764705882,17.0,0.0,0.9875,238.83393006446263,QB_ridge,1,-3.204847043487389,0,veteran,212.80908857304937,26.02484149141327,49.0,112.0,63.0,False,358.3799999999994,False,False,3
Bryce Young,QB,CAR,147.0,25.0,17.87,229.04,14.315,16.0,0.0,0.969411764705882,227.3881239869773,QB_ridge,0,-0.9174934729566496,0,veteran,212.80908857304937,14.579035413927954,62.0,147.0,85.0,False,243.355,False,False,3
Jaxson Dart,QB,NYG,62.0,4.0,21.4,246.58,17.6128571428571,14.0,0.0,0.836428571428571,219.96318111922665,QB_ridge,0,-3.3189211254310966,0,veteran,212.80908857304937,7.1540925461772815,74.0,62.0,-12.0,False,299.41857142857066,False,True,4
C.J. Stroud,QB,HOU,127.0,19.0,18.93,216.54,15.4671428571429,14.0,0.0,0.923125,212.80908857304937,QB_ridge,0,-2.5050011258412974,0,veteran,212.80908857304937,0.0,81.0,127.0,46.0,False,262.9414285714293,False,False,4
Baker Mayfield,QB,TB,117.0,18.0,19.29,282.92,16.6423529411765,17.0,0.0,0.971176470588235,210.9402808983646,QB_ridge,1,-2.3156060854344385,0,veteran,212.80908857304937,-1.8688076746847744,86.0,117.0,31.0,False,282.9200000000005,False,False,4
Sam Darnold,QB,SEA,137.0,21.0,18.62,249.42,14.6717647058824,17.0,0.0,0.962,209.45063439166896,QB_ridge,1,-2.673629810734993,0,veteran,212.80908857304937,-3.3584541813804094,93.0,137.0,44.0,False,249.4200000000008,False,False,4
Jordan Love,QB,GB,114.0,17.0,19.44,241.14,16.076,15.0,0.0,0.94625,207.27286275725447,QB_ridge,0,-4.223375364931628,0,veteran,212.80908857304937,-5.536225815794893,95.0,114.0,19.0,False,273.29200000000003,False,False,4
Jared Goff,QB,DET,84.0,10.0,20.71,305.06,17.9447058823529,17.0,0.0,0.985294117647059,204.9792427373109,QB_ridge,1,-2.3156060854344385,0,veteran,212.80908857304937,-7.8298458357384675,96.0,84.0,-12.0,False,305.05999999999926,False,False,4
Lamar Jackson,QB,BAL,82.0,9.0,20.72,221.86,17.0661538461538,13.0,0.0,0.922307692307692,201.3917084603761,QB_ridge,0,0.4558089730608386,0,veteran,212.80908857304937,-11.417380112673271,99.0,82.0,-17.0,False,290.1246153846146,False,False,4
Dak Prescott,QB,DAL,66.0,6.0,21.34,323.78,19.0458823529412,17.0,0.0,0.950588235294118,194.09003437280427,QB_ridge,1,-2.3156060854344385,0,veteran,212.80908857304937,-18.719054200245097,113.0,66.0,-47.0,False,323.7800000000004,False,False,4
Daniel Jones,QB,IND,184.0,29.0,16.17,234.44,18.0338461538462,13.0,0.0,0.914615384615385,192.3365476702555,QB_ridge,0,-5.206003754852174,0,veteran,212.80908857304937,-20.472540902793867,115.0,182.0,67.0,False,306.57538461538536,False,False,4
Cam Ward,QB,TEN,146.0,24.0,18.03,193.66,11.3917647058824,17.0,0.0,0.946470588235294,190.88926740016285,QB_ridge,0,-6.68407505908549,0,veteran,212.80908857304937,-21.919821172886515,121.0,146.0,25.0,False,193.6600000000008,False,True,4
Jacoby Brissett,QB,ARI,162.0,27.0,17.34,235.44,16.8171428571429,14.0,0.0,0.857142857142857,173.81513947419757,QB_ridge,0,-4.450844670721244,0,veteran,212.80908857304937,-38.9939490988518,151.0,162.0,11.0,False,285.89142857142934,False,False,5
Joe Burrow,QB,CIN,28.0,2.0,23.78,139.46,17.4325,8.0,0.0,0.8775,168.00172542119708,QB_ridge,0,10.0828731123803,0,veteran,212.80908857304937,-44.807363151852286,166.0,28.0,-138.0,True,296.3525,False,False,5
Jayden Daniels,QB,WAS,103.0,14.0,20.13,117.28,16.7542857142857,7.0,0.0,0.902857142857143,164.78243034529956,QB_ridge,0,1.05845290147838,0,veteran,212.80908857304937,-48.026658227749806,176.0,103.0,-73.0,True,284.8228571428569,False,False,5
Tyler Shough,QB,NO,130.0,20.0,18.76,163.96,14.9054545454545,11.0,0.0,0.834545454545455,149.30304054385442,QB_ridge,1,-2.3156060854344385,0,veteran,212.80908857304937,-63.50604802919494,207.0,130.0,-77.0,True,253.3927272727265,False,True,5
Brock Purdy,QB,SF,72.0,8.0,21.29,187.38,20.82,9.0,0.0,0.968181818181818,139.00041760633198,QB_ridge,0,-2.673629810734993,0,veteran,212.80908857304937,-73.80867096671739,234.0,72.0,-162.0,True,353.94,False,False,5
Geno Smith,QB,NYJ,160.0,26.0,17.42,190.9,12.7266666666667,15.0,0.0,0.964666666666667,137.61370847613463,QB_ridge,1,-2.3156060854344385,1,veteran,212.80908857304937,-75.19538009691473,241.0,160.0,-81.0,False,216.3533333333339,False,False,5
Kyler Murray,QB,MIN,145.0,23.0,18.11,80.78,16.156,5.0,0.0,0.988,121.19801801091629,QB_ridge,0,2.6816146451914005,1,veteran,212.80908857304937,-91.61107056213308,297.0,145.0,-152.0,True,274.652,False,False,5
Malik Willis,QB,MIA,140.0,22.0,18.51,51.18,12.795,4.0,0.0,0.4225,69.55719627776233,QB_ridge,0,-0.5447121886359134,1,veteran,212.80908857304937,-143.25189229528704,432.0,140.0,-292.0,True,217.515,False,False,6
Michael Penix,QB,ATL,454.0,34.0,6.77,123.28,13.6977777777778,9.0,0.0,0.932222222222222,132.7028692462615,QB_ridge,0,-6.60259853246614,0,veteran,212.80908857304937,-80.10621932678785,254.0,434.0,180.0,True,232.86222222222256,False,True,99
Bijan Robinson,RB,ATL,3.0,2.0,20.15,370.8,21.8117647058824,17.0,0.235299172697466,0.781764705882353,281.1572581728157,RB_ridge,0,-6.60259853246614,0,veteran,156.1167596867138,125.04049848610192,2.0,3.0,1.0,False,370.8000000000008,False,False,1
Christian McCaffrey,RB,SF,4.0,3.0,18.92,416.6,24.5058823529412,17.0,0.257418746170935,0.817368421052632,265.8704279931022,RB_ridge,0,-2.673629810734993,0,veteran,156.1167596867138,109.75366830638842,4.0,4.0,0.0,False,416.6000000000004,False,False,1
Jahmyr Gibbs,RB,DET,1.0,1.0,20.55,366.9,21.5823529411765,17.0,0.203998562112551,0.67,252.0350689442548,RB_ridge,1,-2.3156060854344385,0,veteran,156.1167596867138,95.91830925754098,6.0,1.0,-5.0,False,366.9000000000005,False,False,1
Jonathan Taylor,RB,IND,8.0,4.0,16.93,362.3,21.3117647058824,17.0,0.132257495714923,0.825882352941177,239.158296591235,RB_ridge,0,-5.206003754852174,0,veteran,156.1167596867138,83.0415369045212,12.0,8.0,-4.0,False,362.3000000000008,False,False,2
De'Von Achane,RB,MIA,12.0,5.0,15.89,322.8,20.175,16.0,0.228395972840469,0.75375,224.04319249845105,RB_ridge,0,-0.5447121886359134,0,veteran,156.1167596867138,67.92643281173724,16.0,12.0,-4.0,False,342.975,False,False,2
Ashton Jeanty,RB,LV,19.0,8.0,15.33,245.1,14.4176470588235,17.0,0.189566508593348,0.778823529411765,214.4441427813183,RB_ridge,1,-2.3156060854344385,0,veteran,156.1167596867138,58.3273830946045,19.0,19.0,0.0,False,245.09999999999948,False,False,2
James Cook,RB,BUF,15.0,7.0,15.65,302.2,17.7764705882353,17.0,0.109399124513728,0.576842105263158,209.32023755035792,RB_ridge,0,-1.7945790111540487,0,veteran,156.1167596867138,53.20347786364411,21.0,15.0,-6.0,False,302.20000000000005,False,False,2
D'Andre Swift,RB,CHI,78.0,27.0,11.43,228.6,14.2875,16.0,0.124359186608794,0.576666666666667,195.69248817027088,RB_ridge,1,-4.79011169771107,0,veteran,156.1167596867138,39.57572848355707,33.0,78.0,45.0,False,242.8875,False,False,3
Saquon Barkley,RB,PHI,39.0,16.0,13.22,232.3,14.51875,16.0,0.16091123256185,0.787058823529412,194.43216036686283,RB_ridge,1,-2.3156060854344385,0,veteran,156.1167596867138,38.31540068014903,35.0,39.0,4.0,False,246.81875,False,False,3
Breece Hall,RB,NYJ,36.0,15.0,13.4,207.66,12.97875,16.0,0.132905652686942,0.64375,189.33577924096525,RB_ridge,1,-2.3156060854344385,0,veteran,156.1167596867138,33.219019554251446,40.0,36.0,-4.0,False,220.63875,False,False,3
Chase Brown,RB,CIN,23.0,10.0,14.83,282.6,16.6235294117647,17.0,0.175251192607101,,186.5285532164448,RB_ridge,0,10.0828731123803,0,veteran,156.1167596867138,30.411793529731,43.0,23.0,-20.0,False,282.5999999999999,False,False,3
Travis Etienne,RB,NO,73.0,25.0,11.77,253.9,14.9352941176471,17.0,0.11983100717263,0.597777777777778,184.400708122511,RB_ridge,1,-2.3156060854344385,1,veteran,156.1167596867138,28.283948435797186,44.0,73.0,29.0,False,253.9000000000007,False,False,3
Josh Jacobs,RB,GB,35.0,14.0,13.73,237.1,15.8066666666667,15.0,0.164497744117408,0.593125,181.2895835077907,RB_ridge,0,-4.223375364931628,0,veteran,156.1167596867138,25.17282382107689,50.0,35.0,-15.0,False,268.71333333333394,False,False,3
Javonte Williams,RB,DAL,34.0,13.0,13.81,242.8,15.175,16.0,0.117354677280833,0.69,180.70854444856724,RB_ridge,1,-2.3156060854344385,0,veteran,156.1167596867138,24.591784761853432,52.0,34.0,-18.0,False,257.975,False,False,3
TreVeyon Henderson,RB,NE,76.0,26.0,11.58,206.2,12.1294117647059,17.0,0.122636517462889,0.43047619047619,175.83265448713297,RB_ridge,1,-5.244402479179989,0,veteran,156.1167596867138,19.715894800419164,54.0,76.0,22.0,False,206.2000000000003,False,True,4
Kyren Williams,RB,LAR,53.0,19.0,12.3,263.3,15.4882352941176,17.0,0.113377671104332,0.669,174.55905390014982,RB_ridge,1,-3.204847043487389,0,veteran,156.1167596867138,18.44229421343601,56.0,53.0,-3.0,False,263.2999999999992,False,False,4
Quinshon Judkins,RB,CLE,59.0,22.0,12.06,169.8,12.1285714285714,14.0,0.1152085135048159,0.505,172.42690795492877,RB_ridge,1,-2.3156060854344385,0,veteran,156.1167596867138,16.31014826821496,60.0,59.0,-1.0,False,206.1857142857138,False,True,4
Derrick Henry,RB,BAL,24.0,11.0,14.51,279.5,16.4411764705882,17.0,0.0736702964938836,0.545294117647059,172.28395044513988,RB_ridge,0,0.4558089730608386,0,veteran,156.1167596867138,16.167190758426074,61.0,24.0,-37.0,False,279.4999999999994,False,False,4
Bucky Irving,RB,TB,64.0,23.0,11.92,138.5,13.85,10.0,0.128074509644707,0.616,170.20215043784913,RB_ridge,1,-2.3156060854344385,0,veteran,156.1167596867138,14.08539075113532,63.0,64.0,1.0,True,235.45,False,False,4
Jeremiyah Love,RB,ARI,21.0,9.0,,,,,,,169.3333569327338,rookie_prior_ridge,0,,0,rookie,156.1167596867138,13.21659724602,65.0,21.0,-44.0,False,,False,False,4
Kenneth Walker,RB,KC,14.0,6.0,15.66,191.9,11.2882352941176,17.0,0.114840346565526,0.4935,169.2015018258968,RB_ridge,0,5.300602599522808,1,veteran,156.1167596867138,13.084742139182993,66.0,14.0,-52.0,False,191.8999999999992,False,False,4
Omarion Hampton,RB,LAC,26.0,12.0,14.4,135.7,15.0777777777778,9.0,0.158780762472339,0.574,169.0994107180806,RB_ridge,0,-5.848188465752081,0,veteran,156.1167596867138,12.9826510313668,67.0,26.0,-41.0,True,256.3222222222226,False,True,4
RJ Harvey,RB,DEN,123.0,33.0,9.62,206.6,12.1529411764706,17.0,0.132221531162506,0.437368421052632,163.0810640452599,RB_ridge,0,1.6623237357923664,0,veteran,156.1167596867138,6.964304358546087,75.0,123.0,48.0,False,206.6000000000002,False,False,4
Jaylen Warren,RB,PIT,48.0,18.0,12.51,217.1,13.56875,16.0,0.128288929580752,0.504705882352941,157.99717545904232,RB_ridge,0,-6.551421263838917,0,veteran,156.1167596867138,1.8804157723285184,80.0,48.0,-32.0,False,230.66875,False,False,5
Rhamondre Stevenson,RB,NE,89.0,28.0,11.05,178.8,12.7714285714286,14.0,0.122753954248972,0.617777777777778,156.1167596867138,RB_ridge,1,-5.244402479179989,0,veteran,156.1167596867138,0.0,81.0,89.0,8.0,False,217.1142857142862,False,False,5
Cam Skattebo,RB,NYG,71.0,24.0,11.83,127.7,15.9625,8.0,0.167697406759907,0.5225,153.68532981461527,RB_ridge,0,-3.3189211254310966,0,veteran,156.1167596867138,-2.431429872098533,88.0,71.0,-17.0,True,271.3625,False,False,5
Tony Pollard,RB,TEN,113.0,31.0,10.02,185.8,10.9294117647059,17.0,0.104291874014058,0.624705882352941,144.63325478861296,RB_ridge,0,-6.68407505908549,0,veteran,156.1167596867138,-11.483504898100849,100.0,113.0,13.0,False,185.8000000000003,False,False,5
Kenny Gainwell,RB,TB,132.0,34.0,9.26,221.3,13.0176470588235,17.0,0.190816991902367,,144.14409812494225,RB_ridge,1,-2.3156060854344385,1,veteran,156.1167596867138,-11.97266156177156,102.0,132.0,30.0,False,221.2999999999995,False,False,5
Tyrone Tracy,RB,NYG,164.0,42.0,7.86,160.8,10.72,15.0,0.150534119491713,0.544666666666667,143.00341285826144,RB_ridge,0,-3.3189211254310966,0,veteran,156.1167596867138,-13.113346828452364,103.0,164.0,61.0,False,182.24,False,False,5
Jadarian Price,RB,SEA,141.0,36.0,,,,,,,138.92803518256244,rookie_prior_ridge,0,,0,rookie,156.1167596867138,-17.188724504151367,109.0,141.0,32.0,False,,False,False,5
Woody Marks,RB,HOU,178.0,46.0,7.01,145.1,9.06875,16.0,0.0912458509975257,0.535,135.2919316736231,RB_ridge,0,-2.5050011258412974,0,veteran,156.1167596867138,-20.82482801309069,117.0,176.0,59.0,False,154.16875,False,False,5
Tyjae Spears,RB,TEN,171.0,43.0,7.17,111.7,8.59230769230769,13.0,0.146730435803501,0.459230769230769,130.4717573417823,RB_ridge,0,-6.68407505908549,0,veteran,156.1167596867138,-25.6450023449315,125.0,169.0,44.0,False,146.06923076923073,False,False,6
Kyle Monangai,RB,CHI,111.0,30.0,10.1,146.7,8.62941176470588,17.0,0.0926066328536785,0.409473684210526,127.91699933134691,RB_ridge,1,-4.79011169771107,0,veteran,156.1167596867138,-28.19976035536689,128.0,111.0,-17.0,False,146.69999999999996,False,False,6
Rico Dowdle,RB,PIT,90.0,29.0,10.94,216.3,12.7235294117647,17.0,0.147750326610785,0.549444444444444,126.3726803483449,RB_ridge,0,-6.551421263838917,1,veteran,156.1167596867138,-29.744079338368905,133.0,90.0,-43.0,False,216.2999999999999,False,False,6
J.K. Dobbins,RB,DEN,134.0,35.0,9.23,115.9,11.59,10.0,0.0528863170089226,0.511,119.92530078053169,RB_ridge,0,1.6623237357923664,0,veteran,156.1167596867138,-36.19145890618212,143.0,134.0,-9.0,True,197.03,False,False,6
Chuba Hubbard,RB,CAR,58.0,21.0,12.15,125.4,8.36,15.0,0.106382171813697,0.4675,119.51622476765198,RB_ridge,0,-0.9174934729566496,0,veteran,156.1167596867138,-36.60053491906183,146.0,58.0,-88.0,False,142.12,False,False,6
Dylan Sampson,RB,CLE,174.0,44.0,7.05,87.6,5.84,15.0,0.136528092502529,0.264666666666667,112.65125061851327,RB_ridge,1,-2.3156060854344385,0,veteran,156.1167596867138,-43.46550906820053,163.0,172.0,9.0,False,99.28,False,True,6
Aaron Jones,RB,MIN,55.0,20.0,12.26,118.7,9.89166666666667,12.0,0.161004072763199,0.550833333333333,111.77684474586933,RB_ridge,0,2.6816146451914005,0,veteran,156.1167596867138,-44.33991494084448,165.0,55.0,-110.0,False,168.1583333333334,False,False,6
Blake Corum,RB,LAR,150.0,38.0,8.37,122.2,7.18823529411765,17.0,0.0633518099143221,0.3035,110.50053242727786,RB_ridge,1,-3.204847043487389,0,veteran,156.1167596867138,-45.616227259435945,170.0,150.0,-20.0,False,122.20000000000005,False,False,6
Rachaad White,RB,WAS,144.0,37.0,8.79,143.0,8.41176470588235,17.0,0.0999533081557436,0.510588235294118,105.17006744005096,RB_ridge,0,1.05845290147838,1,veteran,156.1167596867138,-50.94669224666285,183.0,144.0,-39.0,False,142.99999999999994,False,False,7
Jacory Croskey-Merritt,RB,WAS,154.0,40.0,8.3,140.3,8.25294117647059,17.0,0.0570578529711866,0.394705882352941,98.64557797531944,RB_ridge,0,1.05845290147838,0,veteran,156.1167596867138,-57.471181711394365,196.0,154.0,-42.0,False,140.3,False,False,7
David Montgomery,RB,HOU,42.0,17.0,12.86,166.92,9.81882352941177,17.0,0.074518226830515,0.370588235294118,96.55422619542516,RB_ridge,0,-2.5050011258412974,1,veteran,156.1167596867138,-59.56253349128865,200.0,42.0,-158.0,False,166.92000000000007,False,False,7
Bhayshul Tuten,RB,JAX,115.0,32.0,9.95,88.6,5.90666666666667,15.0,0.0517685361093856,0.21625,89.91665151343784,RB_ridge,1,-2.3156060854344385,0,veteran,156.1167596867138,-66.20010817327596,214.0,115.0,-99.0,False,100.41333333333338,False,False,7
Jordan Mason,RB,MIN,152.0,39.0,8.33,128.9,8.05625,16.0,0.0839130147341783,0.4275,88.17681629275448,RB_ridge,0,2.6816146451914005,0,veteran,156.1167596867138,-67.93994339395933,220.0,152.0,-68.0,False,136.95625,False,False,7
Chris Rodriguez,RB,JAX,155.0,41.0,8.21,92.0,7.66666666666667,12.0,0.0398341399475701,0.312307692307692,62.19480955333368,RB_ridge,1,-2.3156060854344385,1,veteran,156.1167596867138,-93.92195013338014,305.0,155.0,-150.0,False,130.33333333333337,False,False,8
Keaton Mitchell,RB,LAC,176.0,45.0,7.02,55.4,4.26153846153846,13.0,0.0905676328502416,0.174615384615385,33.924117960909626,RB_ridge,0,-5.848188465752081,1,veteran,156.1167596867138,-122.19264172580418,402.0,174.0,-228.0,False,72.44615384615382,False,False,8
Devin Neal,RB,NO,316.0,72.0,2.58,60.0,6.66666666666667,9.0,0.108122070705816,0.444444444444444,87.89141179611654,RB_ridge,1,-2.3156060854344385,0,veteran,156.1167596867138,-68.22534789059726,224.0,308.0,84.0,True,113.3333333333334,False,True,99
Trey McBride,TE,ARI,9.0,1.0,15.31,315.9,18.5823529411765,17.0,0.284817934296936,0.913529411764706,205.33776003457865,TE_gbm,0,-4.450844670721244,0,veteran,137.2432429488599,68.09451708571876,15.0,9.0,-6.0,False,315.9000000000005,False,False,1
Brock Bowers,TE,LV,18.0,2.0,14.0,176.2,14.6833333333333,12.0,0.254632941939167,0.859166666666667,178.91114627911853,TE_gbm,1,-2.3156060854344385,0,veteran,137.2432429488599,41.66790333025864,32.0,18.0,-14.0,False,249.6166666666661,False,False,2
Tyler Warren,TE,IND,29.0,3.0,12.94,188.5,11.0882352941176,17.0,0.230508024451282,0.838235294117647,170.64118352413544,TE_gbm,0,-5.206003754852174,0,veteran,137.2432429488599,33.397940575275555,39.0,29.0,-10.0,False,188.4999999999992,False,False,2
Kyle Pitts,TE,ATL,56.0,6.0,10.86,210.8,12.4,17.0,0.24771011718738,0.88,164.08701213285798,TE_gbm,0,-6.60259853246614,0,veteran,137.2432429488599,26.84376918399809,46.0,56.0,10.0,False,210.8,False,False,2
George Kittle,TE,SF,128.0,20.0,7.97,161.5,14.6818181818182,11.0,0.234487852363922,0.7625,163.6780555986166,TE_gbm,0,-2.673629810734993,0,veteran,137.2432429488599,26.434812649756708,48.0,128.0,80.0,True,249.59090909090935,False,False,2
Dalton Kincaid,TE,BUF,102.0,12.0,9.31,126.1,10.5083333333333,12.0,0.168807299249328,0.387142857142857,159.5753633545995,TE_gbm,0,-1.7945790111540487,0,veteran,137.2432429488599,22.3321204057396,53.0,102.0,49.0,False,178.6416666666661,False,False,2
Colston Loveland,TE,CHI,31.0,4.0,12.58,165.1,10.31875,16.0,0.232655977161678,0.654444444444444,155.85697748159848,TE_gbm,1,-4.79011169771107,0,veteran,137.2432429488599,18.61373453273859,55.0,31.0,-24.0,False,175.41875,False,False,2
Harold Fannin,TE,CLE,61.0,7.0,10.58,186.4,11.65,16.0,0.247694493013353,0.759375,154.9993924478879,TE_gbm,1,-2.3156060854344385,0,veteran,137.2432429488599,17.756149499028027,57.0,61.0,4.0,False,198.05,False,False,2
Hunter Henry,TE,NE,87.0,11.0,9.69,178.8,10.5176470588235,17.0,0.1953474666247,0.786190476190476,154.42961206721392,TE_gbm,1,-5.244402479179989,0,veteran,137.2432429488599,17.186369118354037,59.0,87.0,28.0,False,178.7999999999995,False,False,2
AJ Barner,TE,SEA,109.0,15.0,8.84,147.3,8.66470588235294,17.0,0.166598744203719,0.7895,143.71474642343418,TE_gbm,1,-2.673629810734993,0,veteran,137.2432429488599,6.471503474574291,76.0,109.0,33.0,False,147.29999999999998,False,True,3
Dallas Goedert,TE,PHI,131.0,22.0,7.91,185.1,12.34,15.0,0.246505813514817,0.850625,141.69621428197297,TE_gbm,1,-2.3156060854344385,0,veteran,137.2432429488599,4.452971333113084,78.0,131.0,53.0,False,209.78,False,False,3
Theo Johnson,TE,NYG,186.0,33.0,5.3,127.8,8.52,15.0,0.19195028502204,0.867333333333333,137.2432429488599,TE_gbm,0,-3.3189211254310966,0,veteran,137.2432429488599,0.0,81.0,184.0,103.0,False,144.84,False,False,3
Travis Kelce,TE,KC,44.0,5.0,11.38,193.2,11.3647058823529,17.0,0.216993296827174,0.818823529411765,134.09567954315955,TE_gbm,0,5.300602599522808,0,veteran,137.2432429488599,-3.147563405700339,91.0,44.0,-47.0,False,193.1999999999993,False,False,3
Kenyon Sadiq,TE,NYJ,163.0,28.0,,,,,,,122.45635815189505,rookie_prior_ridge,0,,0,rookie,137.2432429488599,-14.78688479696484,105.0,163.0,58.0,False,,False,False,4
Dalton Schultz,TE,HOU,125.0,19.0,8.19,177.7,10.4529411764706,17.0,0.20255147741657,0.685789473684211,122.24874756188667,TE_gbm,0,-2.5050011258412974,0,veteran,137.2432429488599,-14.994495386973211,106.0,125.0,19.0,False,177.70000000000022,False,False,4
Jake Ferguson,TE,DAL,83.0,10.0,9.88,188.1,11.0647058823529,17.0,0.204433848057723,0.667058823529412,121.05961198891096,TE_gbm,1,-2.3156060854344385,0,veteran,137.2432429488599,-16.18363095994893,107.0,83.0,-24.0,False,188.0999999999993,False,False,4
Cade Otton,TE,TB,143.0,26.0,7.5,122.2,8.14666666666667,15.0,0.209246573826169,0.935,112.75183124458935,TE_gbm,1,-2.3156060854344385,0,veteran,137.2432429488599,-24.491411704270533,122.0,143.0,21.0,False,138.4933333333334,False,False,4
Brenton Strange,TE,JAX,120.0,17.0,8.39,118.0,9.83333333333333,12.0,0.171548289414893,0.758461538461538,112.519920964806,TE_gbm,1,-2.3156060854344385,0,veteran,137.2432429488599,-24.72332198405388,123.0,120.0,-3.0,False,167.16666666666663,False,False,4
Oronde Gadsden,TE,LAC,135.0,23.0,7.84,131.4,8.76,15.0,0.167475356662288,0.615,111.58864227455447,TE_gbm,0,-5.848188465752081,0,veteran,137.2432429488599,-25.654600674305414,126.0,135.0,9.0,False,148.92,False,True,4
Colby Parkinson,TE,LAR,199.0,35.0,4.66,129.8,9.27142857142857,14.0,0.142441146379447,0.625555555555556,111.36222251301784,TE_gbm,1,-3.204847043487389,0,veteran,137.2432429488599,-25.881020435842046,127.0,195.0,68.0,False,157.6142857142857,False,False,4
Chig Okonkwo,TE,WAS,142.0,25.0,7.53,124.0,7.29411764705882,17.0,0.169413760483569,,109.01410189946029,TE_gbm,0,1.05845290147838,1,veteran,137.2432429488599,-28.2291410493996,129.0,142.0,13.0,False,123.99999999999994,False,False,4
Pat Freiermuth,TE,PIT,139.0,24.0,7.71,113.6,7.57333333333333,15.0,0.124881040193632,0.513333333333333,103.36866771368278,TE_gbm,0,-6.551421263838917,0,veteran,137.2432429488599,-33.874575235177105,141.0,139.0,-2.0,False,128.7466666666666,False,False,5
Michael Mayer,TE,LV,172.0,30.0,5.76,73.8,5.67692307692308,13.0,0.205724704765793,0.617692307692308,101.49958979578416,TE_gbm,1,-2.3156060854344385,0,veteran,137.2432429488599,-35.743653153075726,142.0,170.0,28.0,False,96.50769230769237,False,False,5
Tucker Kraft,TE,GB,81.0,9.0,9.92,117.2,14.65,8.0,0.231209892800802,0.86,99.8199920703862,TE_gbm,0,-4.223375364931628,0,veteran,137.2432429488599,-37.42325087847368,149.0,81.0,-68.0,True,249.05,False,False,5
T.J. Hockenson,TE,MIN,121.0,18.0,8.34,112.8,7.52,15.0,0.180730543200806,0.779333333333333,97.73730212703748,TE_gbm,0,2.6816146451914005,0,veteran,137.2432429488599,-39.505940821822406,153.0,121.0,-32.0,False,127.84,False,False,5
Sam LaPorta,TE,DET,69.0,8.0,10.47,106.9,11.8777777777778,9.0,0.19872243281685,0.906666666666667,94.37515328961356,TE_gbm,1,-2.3156060854344385,0,veteran,137.2432429488599,-42.86808965924632,160.0,69.0,-91.0,True,201.9222222222226,False,False,5
Mark Andrews,TE,BAL,106.0,13.0,9.08,131.0,7.70588235294118,17.0,0.185690681306848,0.617058823529412,94.34318319098644,TE_gbm,0,0.4558089730608386,0,veteran,137.2432429488599,-42.90005975787345,161.0,106.0,-55.0,False,131.00000000000006,False,False,5
Mike Gesicki,TE,CIN,156.0,27.0,6.76,70.7,5.89166666666667,12.0,0.120385263767011,0.385384615384615,93.049239809553,TE_gbm,0,10.0828731123803,0,veteran,137.2432429488599,-44.194003139306886,164.0,156.0,-8.0,False,100.1583333333334,False,False,5
Eli Stowers,TE,PHI,185.0,32.0,,,,,,,92.37653699529592,rookie_prior_ridge,0,,0,rookie,137.2432429488599,-44.866705953563965,167.0,183.0,16.0,False,,False,False,5
Juwan Johnson,TE,NO,110.0,16.0,8.78,179.9,10.5823529411765,17.0,0.195652230542037,0.75,86.0934983399914,TE_gbm,1,-2.3156060854344385,0,veteran,137.2432429488599,-51.14974460886849,185.0,110.0,-75.0,False,179.90000000000052,False,False,5
Jake Tonges,TE,SF,200.0,36.0,4.59,93.3,9.33,10.0,0.180393182389065,0.380555555555556,76.64488910456308,TE_gbm,0,-2.673629810734993,0,veteran,137.2432429488599,-60.59835384429681,202.0,196.0,-6.0,True,158.61,False,False,5
Darnell Washington,TE,PIT,197.0,34.0,4.8,73.4,5.64615384615385,13.0,0.1394351098703,0.5725,59.46106400861431,TE_gbm,0,-6.551421263838917,0,veteran,137.2432429488599,-77.78217894024559,249.0,193.0,-56.0,False,95.98461538461544,False,False,6
Gunnar Helm,TE,TEN,129.0,21.0,7.97,91.7,5.73125,16.0,0.130797091255355,0.525625,59.21242954111384,TE_gbm,0,-6.68407505908549,0,veteran,137.2432429488599,-78.03081340774605,250.0,129.0,-121.0,False,97.43125,False,False,6
Greg Dulcich,TE,MIA,167.0,29.0,6.01,62.8,6.97777777777778,9.0,0.170708277291349,0.422,56.17199490969481,TE_gbm,0,-0.5447121886359134,0,veteran,137.2432429488599,-81.07124803916508,261.0,166.0,-95.0,True,118.62222222222223,False,False,6
Isaiah Likely,TE,NYG,108.0,14.0,8.87,61.7,5.14166666666667,12.0,0.150280614880999,0.559285714285714,39.86970124701604,TE_gbm,0,-3.3189211254310966,1,veteran,137.2432429488599,-97.37354170184383,320.0,108.0,-212.0,False,87.40833333333339,False,False,6
Noah Gray,TE,KC,175.0,31.0,5.67,38.8,2.77142857142857,14.0,0.119658183461466,0.52125,37.878384921426345,TE_gbm,0,5.300602599522808,0,veteran,137.2432429488599,-99.36485802743354,327.0,173.0,-154.0,False,47.11428571428569,False,False,6
Terrance Ferguson,TE,LAR,232.0,46.0,3.71,52.1,4.73636363636364,11.0,0.0904079966725771,0.401333333333333,105.74885348387264,TE_gbm,1,-3.204847043487389,0,veteran,137.2432429488599,-31.49438946498725,138.0,227.0,89.0,True,80.51818181818187,False,True,99
Ben Sinnott,TE,WAS,293.0,71.0,1.78,28.4,3.15555555555556,9.0,0.106824535114009,0.360625,26.644640589237746,TE_gbm,0,1.05845290147838,0,veteran,137.2432429488599,-110.59860235962212,369.0,288.0,-81.0,True,53.64444444444452,False,True,99
Jaxon Smith-Njigba,WR,SEA,7.0,4.0,17.08,359.9,21.1705882352941,17.0,0.379847860678997,0.7695,249.86109749137137,WR_lgbm,1,-2.673629810734993,0,veteran,135.8305514016934,114.03054608967796,3.0,7.0,4.0,False,359.8999999999997,False,False,1
Ja'Marr Chase,WR,CIN,2.0,1.0,19.58,313.6,19.6,16.0,0.359179513624933,0.94375,232.06970152293025,WR_lgbm,0,10.0828731123803,0,veteran,135.8305514016934,96.23915012123685,5.0,2.0,-3.0,False,333.20000000000005,False,False,1
Drake London,WR,ATL,16.0,8.0,14.62,201.9,16.825,12.0,0.338352812267884,0.906666666666667,229.3844772346978,WR_lgbm,0,-6.60259853246614,0,veteran,135.8305514016934,93.5539258330044,7.0,16.0,9.0,False,286.025,False,False,1
Puka Nacua,WR,LAR,5.0,2.0,17.52,375.0,23.4375,16.0,0.333042268689358,0.705263157894737,225.55747038363737,WR_lgbm,1,-3.204847043487389,0,veteran,135.8305514016934,89.72691898194395,8.0,5.0,-3.0,False,398.4375,False,False,1
Chris Olave,WR,NO,38.0,17.0,12.51,269.0,16.8125,16.0,0.306310562075214,0.843125,224.63743069124507,WR_lgbm,1,-2.3156060854344385,0,veteran,135.8305514016934,88.80687928955166,9.0,38.0,29.0,False,285.8125,False,False,1
Amon-Ra St. Brown,WR,DET,6.0,3.0,17.46,324.0,19.0588235294118,17.0,0.351398571465057,0.852352941176471,220.44523912800827,WR_lgbm,1,-2.3156060854344385,0,veteran,135.8305514016934,84.61468772631486,11.0,6.0,-5.0,False,324.0000000000006,False,False,1
Tetairoa McMillan,WR,CAR,30.0,13.0,13.23,211.4,12.4352941176471,17.0,0.270758600655203,0.873333333333333,212.624165334823,WR_lgbm,0,-0.9174934729566496,0,veteran,135.8305514016934,76.79361393312959,13.0,30.0,17.0,False,211.4000000000007,False,False,1
Zay Flowers,WR,BAL,25.0,12.0,13.61,243.3,14.3117647058824,17.0,0.317540828409795,0.864705882352941,204.90512966126863,WR_lgbm,0,0.4558089730608386,0,veteran,135.8305514016934,69.07457825957522,14.0,25.0,11.0,False,243.3000000000008,False,False,1
Emeka Egbuka,WR,TB,45.0,21.0,11.89,195.7,11.5117647058824,17.0,0.258517160784968,0.776470588235294,194.34239443208824,WR_lgbm,1,-2.3156060854344385,0,veteran,135.8305514016934,58.51184303039483,18.0,45.0,27.0,False,195.7000000000008,False,False,2
Wan'Dale Robinson,WR,TEN,94.0,42.0,10.07,217.9,13.61875,16.0,0.325770523565909,0.9075,188.97603655766727,WR_lgbm,0,-6.68407505908549,1,veteran,135.8305514016934,53.14548515597386,22.0,94.0,72.0,False,231.51875,True,False,2
Jaylen Waddle,WR,DEN,33.0,15.0,13.12,194.12,12.1325,16.0,0.254045121099597,0.77625,188.45545409620863,WR_lgbm,0,1.6623237357923664,1,veteran,135.8305514016934,52.624902694515214,23.0,33.0,10.0,False,206.2525,True,False,2
Justin Jefferson,WR,MIN,11.0,6.0,15.43,201.5,11.8529411764706,17.0,0.311699293210356,0.941764705882353,185.89751188323945,WR_lgbm,0,2.6816146451914005,0,veteran,135.8305514016934,50.06696048154603,24.0,11.0,-13.0,False,201.5000000000002,False,False,2
George Pickens,WR,DAL,17.0,9.0,14.58,291.9,17.1705882352941,17.0,0.248133401335081,0.811176470588235,184.18732176094343,WR_lgbm,1,-2.3156060854344385,0,veteran,135.8305514016934,48.35677035925002,26.0,17.0,-9.0,False,291.8999999999997,False,False,2
DeVonta Smith,WR,PHI,46.0,22.0,11.81,201.8,11.8705882352941,17.0,0.287545842767607,0.848333333333333,184.1427812233908,WR_lgbm,1,-2.3156060854344385,0,veteran,135.8305514016934,48.31222982169734,27.0,46.0,19.0,False,201.7999999999997,False,False,2
Alec Pierce,WR,IND,77.0,35.0,10.64,183.3,12.22,15.0,0.211442776766847,0.859333333333333,183.31730256213723,WR_lgbm,0,-5.206003754852174,0,veteran,135.8305514016934,47.486751160443816,28.0,77.0,49.0,False,207.74,False,False,2
CeeDee Lamb,WR,DAL,10.0,5.0,15.81,200.9,15.4538461538462,13.0,0.275107217593104,0.728571428571429,182.07489765038704,WR_lgbm,1,-2.3156060854344385,0,veteran,135.8305514016934,46.24434624869363,29.0,10.0,-19.0,False,262.7153846153854,False,False,2
A.J. Brown,WR,NE,22.0,11.0,14.13,220.3,14.6866666666667,15.0,0.323330235871773,0.9125,181.0834312038833,WR_lgbm,1,-5.244402479179989,1,veteran,135.8305514016934,45.25287980218991,30.0,22.0,-8.0,False,249.6733333333339,True,False,2
Nico Collins,WR,HOU,32.0,14.0,13.13,226.2,15.08,15.0,0.265765564484352,0.75875,180.16356629702264,WR_lgbm,0,-2.5050011258412974,0,veteran,135.8305514016934,44.33301489532923,31.0,32.0,1.0,False,256.36,False,False,2
Michael Wilson,WR,ARI,63.0,30.0,11.13,220.6,12.9764705882353,17.0,0.24997314429191,0.813529411764706,174.81634404429818,WR_lgbm,0,-4.450844670721244,0,veteran,135.8305514016934,38.98579264260477,34.0,63.0,29.0,False,220.60000000000008,False,False,2
Jameson Williams,WR,DET,43.0,20.0,12.02,219.9,12.9352941176471,17.0,0.224115993914463,0.901764705882353,173.88723262081513,WR_lgbm,1,-2.3156060854344385,0,veteran,135.8305514016934,38.056681219121714,36.0,43.0,7.0,False,219.9000000000007,False,False,2
Courtland Sutton,WR,DEN,99.0,47.0,9.91,219.7,12.9235294117647,17.0,0.231094813204968,0.857368421052632,169.63209156839872,WR_lgbm,0,1.6623237357923664,0,veteran,135.8305514016934,33.80154016670531,38.0,99.0,61.0,False,219.6999999999999,False,False,2
Garrett Wilson,WR,NYJ,37.0,16.0,12.57,99.5,14.2142857142857,7.0,0.35923072533242,0.87,167.3778325554861,WR_lgbm,1,-2.3156060854344385,0,veteran,135.8305514016934,31.54728115379268,42.0,37.0,-5.0,True,241.64285714285688,False,False,2
Brian Thomas,WR,JAX,100.0,48.0,9.91,138.8,9.91428571428571,14.0,0.206410492785515,0.776,162.50174585643242,WR_lgbm,1,-2.3156060854344385,0,veteran,135.8305514016934,26.67119445473901,47.0,100.0,53.0,False,168.54285714285706,False,False,2
Davante Adams,WR,LAR,52.0,26.0,11.58,222.9,15.9214285714286,14.0,0.25905554838565,0.712352941176471,160.71460209962476,WR_lgbm,1,-3.204847043487389,0,veteran,135.8305514016934,24.884050697931343,51.0,52.0,1.0,False,270.66428571428617,False,False,2
Tee Higgins,WR,CIN,13.0,7.0,14.98,211.6,14.1066666666667,15.0,0.205950060895085,0.808666666666667,153.28541104928752,WR_lgbm,0,10.0828731123803,0,veteran,135.8305514016934,17.454859647594105,58.0,13.0,-45.0,False,239.8133333333339,False,False,3
Quentin Johnston,WR,LAC,98.0,46.0,9.94,171.2,13.1692307692308,13.0,0.225981030415851,0.768666666666667,149.14026231366333,WR_lgbm,0,-5.848188465752081,0,veteran,135.8305514016934,13.309710911969916,64.0,98.0,34.0,False,223.8769230769236,False,False,3
Carnell Tate,WR,TEN,57.0,28.0,,,,,,,147.4142419646675,rookie_prior_ridge,0,,0,rookie,135.8305514016934,11.583690562974084,68.0,57.0,-11.0,False,,False,False,3
Marvin Harrison,WR,ARI,60.0,29.0,11.18,127.8,10.65,12.0,0.221632431785534,0.7125,146.46161953388713,WR_lgbm,0,-4.450844670721244,0,veteran,135.8305514016934,10.631068132193718,69.0,60.0,-9.0,False,181.05,False,False,3
DK Metcalf,WR,PIT,51.0,25.0,11.58,187.2,12.48,15.0,0.24083106246141,0.871875,145.9986813413785,WR_lgbm,0,-6.551421263838917,0,veteran,135.8305514016934,10.168129939685087,70.0,51.0,-19.0,False,212.16,False,False,3
Ladd McConkey,WR,LAC,68.0,31.0,11.03,180.9,11.30625,16.0,0.231631495093878,0.781176470588235,145.88631415394076,WR_lgbm,0,-5.848188465752081,0,veteran,135.8305514016934,10.055762752247349,71.0,68.0,-3.0,False,192.20625,False,True,3
Rome Odunze,WR,CHI,41.0,19.0,12.17,146.1,12.175,12.0,0.240479987322755,0.859285714285714,145.76621347216297,WR_lgbm,1,-4.79011169771107,0,veteran,135.8305514016934,9.935662070469562,72.0,41.0,-31.0,False,206.975,False,True,3
Malik Nabers,WR,NYG,20.0,10.0,14.48,57.1,14.275,4.0,0.308809523809524,0.795,145.74273385769555,WR_lgbm,0,-3.3189211254310966,0,veteran,135.8305514016934,9.912182456002142,73.0,20.0,-53.0,True,242.675,False,False,3
Rashee Rice,WR,KC,47.0,23.0,11.81,150.1,18.7625,8.0,0.296600893174287,0.74875,141.47487106875727,WR_lgbm,0,5.300602599522808,0,veteran,135.8305514016934,5.644319667063854,77.0,47.0,-30.0,True,318.9625,False,False,3
Jordyn Tyson,WR,NO,95.0,43.0,,,,,,,138.27597323604178,rookie_prior_ridge,0,,0,rookie,135.8305514016934,2.445421834348366,79.0,95.0,16.0,False,,False,False,3
Troy Franklin,WR,DEN,190.0,82.0,5.64,177.1,10.4176470588235,17.0,0.212793657692202,0.572777777777778,135.8305514016934,WR_lgbm,0,1.6623237357923664,0,veteran,135.8305514016934,0.0,81.0,188.0,107.0,False,177.09999999999948,False,False,3
Michael Pittman,WR,PIT,86.0,39.0,10.28,202.4,11.9058823529412,17.0,0.240760434919222,0.855294117647059,134.66201254404626,WR_lgbm,0,-6.551421263838917,1,veteran,135.8305514016934,-1.1685388576471496,85.0,86.0,1.0,False,202.4000000000004,False,False,3
KC Concepcion,WR,CLE,126.0,56.0,,,,,,,133.8672268556256,rookie_prior_ridge,0,,0,rookie,135.8305514016934,-1.9633245460678097,87.0,126.0,39.0,False,,False,False,3
Jauan Jennings,WR,MIN,122.0,54.0,8.85,173.3,11.5533333333333,15.0,0.20809266873968,0.827058823529412,133.2704471931084,WR_lgbm,0,2.6816146451914005,1,veteran,135.8305514016934,-2.5601042085850167,89.0,122.0,33.0,False,196.40666666666613,False,False,3
Luther Burden,WR,CHI,40.0,18.0,12.26,127.9,8.52666666666667,15.0,0.167374459250066,0.418235294117647,133.17699063476232,WR_lgbm,1,-4.79011169771107,0,veteran,135.8305514016934,-2.653560766931093,90.0,40.0,-50.0,False,144.9533333333334,False,True,3
Jayden Higgins,WR,HOU,104.0,49.0,9.81,129.5,7.61764705882353,17.0,0.174807771335619,0.582631578947368,132.50285897437428,WR_lgbm,0,-2.5050011258412974,0,veteran,135.8305514016934,-3.3276924273191355,92.0,104.0,12.0,False,129.5,False,False,3
Parker Washington,WR,JAX,80.0,37.0,10.49,172.7,10.79375,16.0,0.250936645065578,0.619411764705882,130.37672479168384,WR_lgbm,1,-2.3156060854344385,0,veteran,135.8305514016934,-5.453826610009571,94.0,80.0,-14.0,False,183.49375,False,False,4
Ricky Pearsall,WR,SF,118.0,52.0,8.99,88.6,9.84444444444444,9.0,0.202495955072736,0.773,125.37656367860068,WR_lgbm,0,-2.673629810734993,0,veteran,135.8305514016934,-10.453987723092736,97.0,118.0,21.0,True,167.35555555555547,False,False,4
Makai Lemon,WR,PHI,138.0,59.0,,,,,,,124.45514329161888,rookie_prior_ridge,0,,0,rookie,135.8305514016934,-11.375408110074533,98.0,138.0,40.0,False,,False,False,4
Christian Watson,WR,GB,54.0,27.0,11.46,132.4,13.24,10.0,0.222585704792008,0.688181818181818,123.86883773891012,WR_lgbm,0,-4.223375364931628,0,veteran,135.8305514016934,-11.961713662783296,101.0,54.0,-47.0,True,225.08,False,False,4
Tre Tucker,WR,LV,148.0,60.0,7.59,161.7,9.51176470588235,17.0,0.21127581476643,0.948235294117647,122.61644063457358,WR_lgbm,1,-2.3156060854344385,0,veteran,135.8305514016934,-13.214110767119834,104.0,148.0,44.0,False,161.69999999999993,False,False,4
Omar Cooper,WR,NYJ,149.0,61.0,,,,,,,118.15485853739324,rookie_prior_ridge,0,,0,rookie,135.8305514016934,-17.675692864300174,110.0,149.0,39.0,False,,False,False,4
Jerry Jeudy,WR,CLE,153.0,63.0,7.51,120.7,7.1,17.0,0.232045088350143,0.845294117647059,118.09785076124524,WR_lgbm,1,-2.3156060854344385,0,veteran,135.8305514016934,-17.732700640448172,111.0,153.0,42.0,False,120.7,False,False,4
Jordan Addison,WR,MIN,85.0,38.0,10.35,135.1,9.65,14.0,0.23364245390908,0.851428571428571,117.34493328504551,WR_lgbm,0,2.6816146451914005,0,veteran,135.8305514016934,-18.4856181166479,112.0,85.0,-27.0,False,164.05,False,False,4
Romeo Doubs,WR,NE,133.0,57.0,8.43,165.4,10.3375,16.0,0.233031846238902,0.772941176470588,116.73900524827252,WR_lgbm,1,-5.244402479179989,1,veteran,135.8305514016934,-19.091546153420893,114.0,133.0,19.0,False,175.7375,False,False,4
Denzel Boston,WR,CLE,151.0,62.0,,,,,,,115.16674760200246,rookie_prior_ridge,0,,0,rookie,135.8305514016934,-20.663803799690957,116.0,151.0,35.0,False,,False,False,4
Khalil Shakir,WR,BUF,91.0,41.0,10.13,166.4,10.4,16.0,0.246537264515151,0.606111111111111,113.91506608285664,WR_lgbm,0,-1.7945790111540487,0,veteran,135.8305514016934,-21.91548531883677,120.0,91.0,-29.0,False,176.8,False,False,4
DJ Moore,WR,BUF,79.0,36.0,10.57,170.18,10.0105882352941,17.0,0.171614914627179,0.842105263157895,106.85931982597872,WR_lgbm,0,-1.7945790111540487,1,veteran,135.8305514016934,-28.971231575714697,131.0,79.0,-52.0,False,170.1799999999997,False,False,5
Mike Evans,WR,SF,74.0,33.0,10.86,84.8,10.6,8.0,0.284564555454433,0.65625,106.6641148674542,WR_lgbm,0,-2.673629810734993,1,veteran,135.8305514016934,-29.16643653423921,132.0,74.0,-58.0,True,180.2,True,False,5
Germie Bernard,WR,PIT,177.0,73.0,,,,,,,104.7533927953712,rookie_prior_ridge,0,,0,rookie,135.8305514016934,-31.07715860632221,135.0,175.0,40.0,False,,False,False,5
Cooper Kupp,WR,SEA,192.0,84.0,5.49,117.3,7.33125,16.0,0.213364023530041,0.757368421052632,104.70818486537192,WR_lgbm,1,-2.673629810734993,0,veteran,135.8305514016934,-31.122366536321493,136.0,190.0,54.0,False,124.63125,False,False,5
De'Zhaun Stribling,WR,SF,169.0,70.0,,,,,,,104.52054182875028,rookie_prior_ridge,0,,0,rookie,135.8305514016934,-31.31000957294313,137.0,167.0,30.0,False,,False,False,5
Terry McLaurin,WR,WAS,49.0,24.0,11.63,114.2,11.42,10.0,0.252165675203334,0.704,103.88133924718244,WR_lgbm,0,1.05845290147838,0,veteran,135.8305514016934,-31.94921215451097,139.0,49.0,-90.0,True,194.14,False,False,5
Jakobi Meyers,WR,JAX,107.0,50.0,9.58,175.8,10.9875,16.0,0.236243980145803,0.81,99.22573377052753,WR_lgbm,1,-2.3156060854344385,0,veteran,135.8305514016934,-36.604817631165886,147.0,107.0,-40.0,False,186.7875,False,False,5
Kayshon Boutte,WR,NE,198.0,88.0,5.34,124.1,8.86428571428571,14.0,0.164783603424102,0.675555555555556,98.7078645774512,WR_lgbm,1,-5.244402479179989,0,veteran,135.8305514016934,-37.12268682424221,148.0,194.0,46.0,False,150.69285714285706,False,False,5
Matthew Golden,WR,GB,119.0,53.0,8.95,70.0,5.0,14.0,0.139279656857997,0.529333333333333,97.65097850854112,WR_lgbm,0,-4.223375364931628,0,veteran,135.8305514016934,-38.1795728931523,150.0,119.0,-31.0,False,85.0,False,False,5
Ryan Flournoy,WR,DAL,157.0,64.0,7.27,114.0,7.6,15.0,0.202775284994037,0.477333333333333,96.81420529319242,WR_lgbm,1,-2.3156060854344385,0,veteran,135.8305514016934,-39.016346108501,152.0,157.0,5.0,False,129.2,False,False,5
Chris Bell,WR,MIA,194.0,85.0,,,,,,,94.7248039446599,rookie_prior_ridge,0,,0,rookie,135.8305514016934,-41.10574745703352,156.0,191.0,35.0,False,,False,False,5
Josh Downs,WR,IND,75.0,34.0,10.81,136.4,8.525,16.0,0.194384132199429,0.586875,94.60824865344324,WR_lgbm,0,-5.206003754852174,0,veteran,135.8305514016934,-41.22230274825017,157.0,75.0,-82.0,False,144.925,False,False,5
Xavier Worthy,WR,KC,70.0,32.0,11.02,109.9,7.85,14.0,0.181941438621881,0.705714285714286,94.35146174988644,WR_lgbm,0,5.300602599522808,0,veteran,135.8305514016934,-41.47908965180697,158.0,70.0,-88.0,False,133.45,False,False,5
Chimere Dike,WR,TEN,195.0,86.0,5.43,114.1,6.71176470588235,17.0,0.16923412374144,0.592941176470588,88.79348370661619,WR_lgbm,0,-6.68407505908549,0,veteran,135.8305514016934,-47.037067695077226,174.0,192.0,18.0,False,114.09999999999997,False,False,6
Pat Bryant,WR,DEN,179.0,74.0,6.2,74.8,5.75384615384615,13.0,0.134399921925426,0.432352941176471,87.839894743208,WR_lgbm,0,1.6623237357923664,0,veteran,135.8305514016934,-47.990656658485406,175.0,177.0,2.0,False,97.81538461538456,False,False,6
Zachariah Branch,WR,ATL,188.0,80.0,,,,,,,86.50564664622019,rookie_prior_ridge,0,,0,rookie,135.8305514016934,-49.32490475547323,177.0,186.0,9.0,False,,False,False,6
Antonio Williams,WR,WAS,158.0,65.0,,,,,,,85.67868819472734,rookie_prior_ridge,0,,0,rookie,135.8305514016934,-50.15186320696607,180.0,158.0,-22.0,False,,False,False,6
Tre' Harris,WR,LAC,189.0,81.0,5.65,69.4,4.3375,16.0,0.123597704639158,0.49,84.74939988279051,WR_lgbm,0,-5.848188465752081,0,veteran,135.8305514016934,-51.0811515189029,184.0,187.0,3.0,False,73.73750000000001,False,False,6
Jayden Reed,WR,GB,96.0,44.0,10.0,48.5,9.7,5.0,0.177120327396111,0.445,84.30917282417117,WR_lgbm,0,-4.223375364931628,0,veteran,135.8305514016934,-51.52137857752224,186.0,96.0,-90.0,True,164.89999999999998,False,False,6
Chris Godwin,WR,TB,88.0,40.0,10.25,83.0,9.22222222222222,9.0,0.206837928306145,0.708888888888889,80.61494530507692,WR_lgbm,1,-2.3156060854344385,0,veteran,135.8305514016934,-55.2156060966165,192.0,88.0,-104.0,True,156.77777777777774,False,False,6
Andrei Iosivas,WR,CIN,116.0,51.0,9.04,89.9,5.99333333333333,15.0,0.130157769339368,0.761764705882353,80.49817057037419,WR_lgbm,0,10.0828731123803,0,veteran,135.8305514016934,-55.33238083131923,193.0,116.0,-77.0,False,101.8866666666666,False,False,6
Malik Washington,WR,MIA,161.0,67.0,7.13,110.7,6.51176470588235,17.0,0.168605159804275,0.57,78.30687759464678,WR_lgbm,0,-0.5447121886359134,0,veteran,135.8305514016934,-57.52367380704664,198.0,161.0,-37.0,False,110.69999999999996,False,False,6
Darius Slayton,WR,NYG,191.0,83.0,5.55,98.8,7.05714285714286,14.0,0.192063267692916,0.812857142857143,75.50095730335319,WR_lgbm,0,-3.3189211254310966,0,veteran,135.8305514016934,-60.32959409834022,201.0,189.0,-12.0,False,119.97142857142862,False,False,6
Jalen Coker,WR,CAR,97.0,45.0,9.95,90.4,8.21818181818182,11.0,0.211842730357665,0.709166666666667,69.766385613228,WR_lgbm,0,-0.9174934729566496,0,veteran,135.8305514016934,-66.06416578846542,212.0,97.0,-115.0,True,139.70909090909095,False,False,7
Isaac TeSlaa,WR,DET,173.0,72.0,6.27,75.9,5.42142857142857,14.0,0.0876669803389976,0.396470588235294,69.11815507372675,WR_lgbm,1,-2.3156060854344385,0,veteran,135.8305514016934,-66.71239632796666,216.0,171.0,-45.0,False,92.16428571428568,False,False,7
Rashid Shaheed,WR,SEA,136.0,58.0,8.37,144.6,8.03333333333333,18.0,0.135177473967109,0.489166666666667,67.74804384394041,WR_lgbm,1,-2.673629810734993,0,veteran,135.8305514016934,-68.082507557753,223.0,136.0,-87.0,False,136.5666666666666,False,False,7
Jack Bech,WR,LV,180.0,75.0,6.13,42.4,3.02857142857143,14.0,0.128411730127049,0.424,67.34800693386705,WR_lgbm,1,-2.3156060854344385,0,veteran,135.8305514016934,-68.48254446782636,225.0,178.0,-47.0,False,51.48571428571431,False,True,7
Darnell Mooney,WR,NYG,183.0,78.0,5.91,82.3,5.48666666666667,15.0,0.197966321924347,0.819333333333333,64.31886839941612,WR_lgbm,0,-3.3189211254310966,1,veteran,135.8305514016934,-71.5116830022773,229.0,181.0,-48.0,False,93.27333333333338,False,False,7
Devaughn Vele,WR,NO,182.0,77.0,5.96,66.3,7.36666666666667,9.0,0.167572743384924,0.501538461538462,63.09117461577976,WR_lgbm,1,-2.3156060854344385,0,veteran,135.8305514016934,-72.73937678591366,233.0,180.0,-53.0,True,125.2333333333334,False,False,7
Jalen Nailor,WR,LV,124.0,55.0,8.79,100.7,5.92352941176471,17.0,0.144156956692441,0.653529411764706,61.771795532016704,WR_lgbm,1,-2.3156060854344385,1,veteran,135.8305514016934,-74.0587558696767,235.0,124.0,-111.0,False,100.70000000000006,False,False,7
Jalen McMillan,WR,TB,165.0,68.0,6.85,29.9,7.475,4.0,0.158090909090909,0.515,60.14934877486533,WR_lgbm,1,-2.3156060854344385,0,veteran,135.8305514016934,-75.68120262682808,245.0,165.0,-80.0,True,127.075,False,False,7
Tory Horton,WR,SEA,181.0,76.0,6.07,59.1,7.3875,8.0,0.135875745282439,0.48125,56.19197607668149,WR_lgbm,1,-2.673629810734993,0,veteran,135.8305514016934,-79.63857532501191,252.0,179.0,-73.0,True,125.5875,False,False,7
Kendrick Bourne,WR,ARI,187.0,79.0,5.75,92.1,6.57857142857143,14.0,0.15539974644867,0.546666666666667,53.00835112488362,WR_lgbm,0,-4.450844670721244,1,veteran,135.8305514016934,-82.8222002768098,271.0,185.0,-86.0,False,111.83571428571432,False,False,7
Olamide Zaccheaus,WR,ATL,170.0,71.0,6.46,84.8,6.05714285714286,14.0,0.161042990089102,0.502777777777778,50.77509034997985,WR_lgbm,0,-6.60259853246614,1,veteran,135.8305514016934,-85.05546105171356,279.0,168.0,-111.0,False,102.97142857142862,False,False,7
Nick Westbrook-Ikhine,WR,IND,159.0,66.0,7.15,19.9,1.53076923076923,13.0,0.0934397638288767,0.442,25.0861796864138,WR_lgbm,0,-5.206003754852174,1,veteran,135.8305514016934,-110.7443717152796,372.0,159.0,-213.0,False,26.02307692307691,False,False,8
Kyle Williams,WR,NE,328.0,144.0,1.52,49.2,3.51428571428571,14.0,0.0912362912214951,0.303809523809524,71.18774527795945,WR_lgbm,1,-5.244402479179989,0,veteran,135.8305514016934,-64.64280612373396,209.0,319.0,110.0,False,59.74285714285707,False,True,99
