full_name,position,team,adp_overall,adp_position,sleeper_proj_pts_week1,lag1_room40_pts,lag1_pts_per_game,lag1_games,lag1_target_share,lag1_snap_share_avg,projected_room40_pts,model_used,new_oc,coach_proe_signature,team_changed,player_type,replacement_value,vorp,vorp_rank,adp_rank,value_gap,injury_shortened_2025,lag1_pace_adj_pts,elite_mover_2026
Drake Maye,QB,NE,101.0,13.0,20.16,359.96,21.1741176470588,17.0,0.0296296296296296,0.965714285714286,351.2096921595677,QB_ridge,1,-5.244402479179989,0,veteran,212.80908857304937,138.40060358651832,1.0,101.0,100.0,False,359.9599999999996,False
Bijan Robinson,RB,ATL,3.0,2.0,20.15,370.8,21.8117647058824,17.0,0.235299172697466,0.781764705882353,281.1572581728157,RB_ridge,0,-6.60259853246614,0,veteran,156.1167596867138,125.04049848610191,2.0,3.0,1.0,False,370.8000000000008,False
Jaxon Smith-Njigba,WR,SEA,7.0,4.0,17.08,359.9,21.1705882352941,17.0,0.379847860678997,0.7695,249.86109749137137,WR_lgbm,1,-2.673629810734993,0,veteran,135.8305514016934,114.03054608967796,3.0,7.0,4.0,False,359.8999999999997,False
Christian McCaffrey,RB,SF,4.0,3.0,18.92,416.6,24.5058823529412,17.0,0.257418746170935,0.817368421052632,265.8704279931022,RB_ridge,0,-2.673629810734993,0,veteran,156.1167596867138,109.75366830638842,4.0,4.0,0.0,False,416.60000000000036,False
Ja'Marr Chase,WR,CIN,2.0,1.0,19.58,313.6,19.6,16.0,0.359179513624933,0.94375,232.06970152293025,WR_lgbm,0,10.0828731123803,0,veteran,135.8305514016934,96.23915012123683,5.0,2.0,-3.0,False,333.20000000000005,False
Jahmyr Gibbs,RB,DET,1.0,1.0,20.55,366.9,21.5823529411765,17.0,0.203998562112551,0.67,252.0350689442548,RB_ridge,1,-2.3156060854344385,0,veteran,156.1167596867138,95.91830925754098,6.0,1.0,-5.0,False,366.9000000000005,False
Drake London,WR,ATL,16.0,8.0,14.62,201.9,16.825,12.0,0.338352812267884,0.906666666666667,229.3844772346978,WR_lgbm,0,-6.60259853246614,0,veteran,135.8305514016934,93.5539258330044,7.0,16.0,9.0,False,286.025,False
Puka Nacua,WR,LAR,5.0,2.0,17.52,375.0,23.4375,16.0,0.333042268689358,0.705263157894737,225.55747038363737,WR_lgbm,1,-3.204847043487389,0,veteran,135.8305514016934,89.72691898194395,8.0,5.0,-3.0,False,398.4375,False
Chris Olave,WR,NO,38.0,17.0,12.51,269.0,16.8125,16.0,0.306310562075214,0.843125,224.63743069124507,WR_lgbm,1,-2.3156060854344385,0,veteran,135.8305514016934,88.80687928955166,9.0,38.0,29.0,False,285.8125,False
Josh Allen,QB,BUF,27.0,1.0,23.79,374.62,23.41375,16.0,0.0,0.93,301.03461138423575,QB_ridge,0,-1.7945790111540487,0,veteran,212.80908857304937,88.22552281118638,10.0,27.0,17.0,False,398.03375,False
Amon-Ra St. Brown,WR,DET,6.0,3.0,17.46,324.0,19.0588235294118,17.0,0.351398571465057,0.852352941176471,220.44523912800827,WR_lgbm,1,-2.3156060854344385,0,veteran,135.8305514016934,84.61468772631486,11.0,6.0,-5.0,False,324.0000000000006,False
Jonathan Taylor,RB,IND,8.0,4.0,16.93,362.3,21.3117647058824,17.0,0.132257495714923,0.825882352941177,239.158296591235,RB_ridge,0,-5.206003754852174,0,veteran,156.1167596867138,83.0415369045212,12.0,8.0,-4.0,False,362.3000000000008,False
Tetairoa McMillan,WR,CAR,30.0,13.0,13.23,211.4,12.4352941176471,17.0,0.270758600655203,0.873333333333333,212.624165334823,WR_lgbm,0,-0.9174934729566496,0,veteran,135.8305514016934,76.79361393312959,13.0,30.0,17.0,False,211.4000000000007,False
Zay Flowers,WR,BAL,25.0,12.0,13.61,243.3,14.3117647058824,17.0,0.317540828409795,0.864705882352941,204.90512966126863,WR_lgbm,0,0.4558089730608386,0,veteran,135.8305514016934,69.07457825957522,14.0,25.0,11.0,False,243.3000000000008,False
Trey McBride,TE,ARI,9.0,1.0,15.31,315.9,18.5823529411765,17.0,0.284817934296936,0.913529411764706,205.33776003457865,TE_gbm,0,-4.450844670721244,0,veteran,137.2432429488599,68.09451708571876,15.0,9.0,-6.0,False,315.9000000000005,False
De'Von Achane,RB,MIA,12.0,5.0,15.89,322.8,20.175,16.0,0.228395972840469,0.75375,224.04319249845105,RB_ridge,0,-0.5447121886359134,0,veteran,156.1167596867138,67.92643281173724,16.0,12.0,-4.0,False,342.975,False
Bo Nix,QB,DEN,105.0,15.0,19.96,315.84,18.5788235294118,17.0,0.0277777777777778,0.996666666666667,280.1838434147205,QB_ridge,0,1.6623237357923664,0,veteran,212.80908857304937,67.37475484167115,17.0,105.0,88.0,False,315.8400000000006,False
Emeka Egbuka,WR,TB,45.0,21.0,11.89,195.7,11.5117647058824,17.0,0.258517160784968,0.776470588235294,194.34239443208824,WR_lgbm,1,-2.3156060854344385,0,veteran,135.8305514016934,58.51184303039483,18.0,45.0,27.0,False,195.7000000000008,False
Ashton Jeanty,RB,LV,19.0,8.0,15.33,245.1,14.4176470588235,17.0,0.189566508593348,0.778823529411765,214.4441427813183,RB_ridge,1,-2.3156060854344385,0,veteran,156.1167596867138,58.3273830946045,19.0,19.0,0.0,False,245.09999999999948,False
Caleb Williams,QB,CHI,92.0,11.0,20.39,325.18,19.1282352941176,17.0,0.0588235294117647,0.991578947368421,267.64228624942666,QB_ridge,1,-4.79011169771107,0,veteran,212.80908857304937,54.833197676377296,20.0,92.0,72.0,False,325.1799999999992,False
James Cook,RB,BUF,15.0,7.0,15.65,302.2,17.7764705882353,17.0,0.109399124513728,0.576842105263158,209.32023755035792,RB_ridge,0,-1.7945790111540487,0,veteran,156.1167596867138,53.20347786364411,21.0,15.0,-6.0,False,302.20000000000005,False
Wan'Dale Robinson,WR,TEN,94.0,42.0,10.07,217.9,13.61875,16.0,0.325770523565909,0.9075,188.97603655766727,WR_lgbm,0,-6.68407505908549,1,veteran,135.8305514016934,53.14548515597386,22.0,94.0,72.0,False,231.51875,True
Jaylen Waddle,WR,DEN,33.0,15.0,13.12,194.12,12.1325,16.0,0.254045121099597,0.77625,188.45545409620863,WR_lgbm,0,1.6623237357923664,1,veteran,135.8305514016934,52.624902694515214,23.0,33.0,10.0,False,206.2525,True
Justin Jefferson,WR,MIN,11.0,6.0,15.43,201.5,11.8529411764706,17.0,0.311699293210356,0.941764705882353,185.89751188323945,WR_lgbm,0,2.6816146451914005,0,veteran,135.8305514016934,50.06696048154603,24.0,11.0,-13.0,False,201.5000000000002,False
Trevor Lawrence,QB,JAX,93.0,12.0,20.38,350.18,20.5988235294118,17.0,0.0,0.968888888888889,262.67537670009426,QB_ridge,1,-2.3156060854344385,0,veteran,212.80908857304937,49.866288127044896,25.0,93.0,68.0,False,350.1800000000006,False
George Pickens,WR,DAL,17.0,9.0,14.58,291.9,17.1705882352941,17.0,0.248133401335081,0.811176470588235,184.18732176094343,WR_lgbm,1,-2.3156060854344385,0,veteran,135.8305514016934,48.35677035925002,26.0,17.0,-9.0,False,291.8999999999997,False
DeVonta Smith,WR,PHI,46.0,22.0,11.81,201.8,11.8705882352941,17.0,0.287545842767607,0.848333333333333,184.14278122339076,WR_lgbm,1,-2.3156060854344385,0,veteran,135.8305514016934,48.31222982169734,27.0,46.0,19.0,False,201.7999999999997,False
Alec Pierce,WR,IND,77.0,35.0,10.64,183.3,12.22,15.0,0.211442776766847,0.859333333333333,183.31730256213723,WR_lgbm,0,-5.206003754852174,0,veteran,135.8305514016934,47.486751160443816,28.0,77.0,49.0,False,207.74,False
CeeDee Lamb,WR,DAL,10.0,5.0,15.81,200.9,15.4538461538462,13.0,0.275107217593104,0.728571428571429,182.07489765038704,WR_lgbm,1,-2.3156060854344385,0,veteran,135.8305514016934,46.24434624869363,29.0,10.0,-19.0,False,262.7153846153854,False
A.J. Brown,WR,NE,22.0,11.0,14.13,220.3,14.6866666666667,15.0,0.323330235871773,0.9125,181.08343120388332,WR_lgbm,1,-5.244402479179989,1,veteran,135.8305514016934,45.25287980218991,30.0,22.0,-8.0,False,249.6733333333339,True
Nico Collins,WR,HOU,32.0,14.0,13.13,226.2,15.08,15.0,0.265765564484352,0.75875,180.16356629702264,WR_lgbm,0,-2.5050011258412974,0,veteran,135.8305514016934,44.33301489532923,31.0,32.0,1.0,False,256.36,False
Brock Bowers,TE,LV,18.0,2.0,14.0,176.2,14.6833333333333,12.0,0.254632941939167,0.859166666666667,178.91114627911853,TE_gbm,1,-2.3156060854344385,0,veteran,137.2432429488599,41.66790333025864,32.0,18.0,-14.0,False,249.6166666666661,False
D'Andre Swift,RB,CHI,78.0,27.0,11.43,228.6,14.2875,16.0,0.124359186608794,0.576666666666667,195.69248817027088,RB_ridge,1,-4.79011169771107,0,veteran,156.1167596867138,39.57572848355707,33.0,78.0,45.0,False,242.8875,False
Michael Wilson,WR,ARI,63.0,30.0,11.13,220.6,12.9764705882353,17.0,0.24997314429191,0.813529411764706,174.81634404429818,WR_lgbm,0,-4.450844670721244,0,veteran,135.8305514016934,38.985792642604764,34.0,63.0,29.0,False,220.60000000000008,False
Saquon Barkley,RB,PHI,39.0,16.0,13.22,232.3,14.51875,16.0,0.16091123256185,0.787058823529412,194.43216036686283,RB_ridge,1,-2.3156060854344385,0,veteran,156.1167596867138,38.315400680149025,35.0,39.0,4.0,False,246.81875000000002,False
Jameson Williams,WR,DET,43.0,20.0,12.02,219.9,12.9352941176471,17.0,0.224115993914463,0.901764705882353,173.88723262081513,WR_lgbm,1,-2.3156060854344385,0,veteran,135.8305514016934,38.056681219121714,36.0,43.0,7.0,False,219.9000000000007,False
Jalen Hurts,QB,PHI,50.0,3.0,21.9,305.06,19.06625,16.0,0.0,0.977647058823529,250.58885980755488,QB_ridge,1,-2.3156060854344385,0,veteran,212.80908857304937,37.77977123450552,37.0,50.0,13.0,False,324.12625,False
Courtland Sutton,WR,DEN,99.0,47.0,9.91,219.7,12.9235294117647,17.0,0.231094813204968,0.857368421052632,169.63209156839872,WR_lgbm,0,1.6623237357923664,0,veteran,135.8305514016934,33.80154016670531,38.0,99.0,61.0,False,219.6999999999999,False
Tyler Warren,TE,IND,29.0,3.0,12.94,188.5,11.0882352941176,17.0,0.230508024451282,0.838235294117647,170.64118352413544,TE_gbm,0,-5.206003754852174,0,veteran,137.2432429488599,33.397940575275555,39.0,29.0,-10.0,False,188.4999999999992,False
Breece Hall,RB,NYJ,36.0,15.0,13.4,207.66,12.97875,16.0,0.132905652686942,0.64375,189.33577924096525,RB_ridge,1,-2.3156060854344385,0,veteran,156.1167596867138,33.219019554251446,40.0,36.0,-4.0,False,220.63875,False
Patrick Mahomes,QB,KC,65.0,5.0,21.36,296.68,21.1914285714286,14.0,0.0344827586206897,0.974285714285714,246.0084334194874,QB_ridge,0,5.300602599522808,0,veteran,212.80908857304937,33.19934484643804,41.0,65.0,24.0,False,360.2542857142862,False
Garrett Wilson,WR,NYJ,37.0,16.0,12.57,99.5,14.2142857142857,7.0,0.35923072533242,0.87,167.3778325554861,WR_lgbm,1,-2.3156060854344385,0,veteran,135.8305514016934,31.54728115379268,42.0,37.0,-5.0,True,241.64285714285688,False
Chase Brown,RB,CIN,23.0,10.0,14.83,282.6,16.6235294117647,17.0,0.175251192607101,,186.5285532164448,RB_ridge,0,10.0828731123803,0,veteran,156.1167596867138,30.411793529731,43.0,23.0,-20.0,False,282.5999999999999,False
Travis Etienne,RB,NO,73.0,25.0,11.77,253.9,14.9352941176471,17.0,0.11983100717263,0.597777777777778,184.400708122511,RB_ridge,1,-2.3156060854344385,1,veteran,156.1167596867138,28.283948435797186,44.0,73.0,29.0,False,253.9000000000007,False
Justin Herbert,QB,LAC,67.0,7.0,21.33,299.88,18.7425,16.0,0.0,0.97,240.29436637586488,QB_ridge,0,-5.848188465752081,0,veteran,212.80908857304937,27.485277802815517,45.0,67.0,22.0,False,318.6225,False
Kyle Pitts,TE,ATL,56.0,6.0,10.86,210.8,12.4,17.0,0.24771011718738,0.88,164.08701213285798,TE_gbm,0,-6.60259853246614,0,veteran,137.2432429488599,26.84376918399809,46.0,56.0,10.0,False,210.8,False
Brian Thomas,WR,JAX,100.0,48.0,9.91,138.8,9.91428571428571,14.0,0.206410492785515,0.776,162.50174585643242,WR_lgbm,1,-2.3156060854344385,0,veteran,135.8305514016934,26.67119445473901,47.0,100.0,53.0,False,168.54285714285706,False
George Kittle,TE,SF,128.0,20.0,7.97,161.5,14.6818181818182,11.0,0.234487852363922,0.7625,163.6780555986166,TE_gbm,0,-2.673629810734993,0,veteran,137.2432429488599,26.434812649756708,48.0,128.0,80.0,True,249.59090909090938,False
Matthew Stafford,QB,LAR,112.0,16.0,19.55,358.38,21.0811764705882,17.0,0.0,0.9875,238.83393006446263,QB_ridge,1,-3.204847043487389,0,veteran,212.80908857304937,26.02484149141327,49.0,112.0,63.0,False,358.3799999999994,False
Josh Jacobs,RB,GB,35.0,14.0,13.73,237.1,15.8066666666667,15.0,0.164497744117408,0.593125,181.2895835077907,RB_ridge,0,-4.223375364931628,0,veteran,156.1167596867138,25.17282382107689,50.0,35.0,-15.0,False,268.71333333333394,False
Davante Adams,WR,LAR,52.0,26.0,11.58,222.9,15.9214285714286,14.0,0.25905554838565,0.712352941176471,160.71460209962476,WR_lgbm,1,-3.204847043487389,0,veteran,135.8305514016934,24.884050697931343,51.0,52.0,1.0,False,270.66428571428617,False
Javonte Williams,RB,DAL,34.0,13.0,13.81,242.8,15.175,16.0,0.117354677280833,0.69,180.70854444856724,RB_ridge,1,-2.3156060854344385,0,veteran,156.1167596867138,24.591784761853432,52.0,34.0,-18.0,False,257.975,False
Dalton Kincaid,TE,BUF,102.0,12.0,9.31,126.1,10.5083333333333,12.0,0.168807299249328,0.387142857142857,159.5753633545995,TE_gbm,0,-1.7945790111540487,0,veteran,137.2432429488599,22.3321204057396,53.0,102.0,49.0,False,178.6416666666661,False
TreVeyon Henderson,RB,NE,76.0,26.0,11.58,206.2,12.1294117647059,17.0,0.122636517462889,0.43047619047619,175.83265448713297,RB_ridge,1,-5.244402479179989,0,veteran,156.1167596867138,19.715894800419164,54.0,76.0,22.0,False,206.2000000000003,False
Colston Loveland,TE,CHI,31.0,4.0,12.58,165.1,10.31875,16.0,0.232655977161678,0.654444444444444,155.85697748159848,TE_gbm,1,-4.79011169771107,0,veteran,137.2432429488599,18.61373453273859,55.0,31.0,-24.0,False,175.41875,False
Kyren Williams,RB,LAR,53.0,19.0,12.3,263.3,15.4882352941176,17.0,0.113377671104332,0.669,174.55905390014982,RB_ridge,1,-3.204847043487389,0,veteran,156.1167596867138,18.442294213436014,56.0,53.0,-3.0,False,263.29999999999916,False
Harold Fannin,TE,CLE,61.0,7.0,10.58,186.4,11.65,16.0,0.247694493013353,0.759375,154.9993924478879,TE_gbm,1,-2.3156060854344385,0,veteran,137.2432429488599,17.756149499028027,57.0,61.0,4.0,False,198.05,False
Tee Higgins,WR,CIN,13.0,7.0,14.98,211.6,14.1066666666667,15.0,0.205950060895085,0.808666666666667,153.28541104928752,WR_lgbm,0,10.0828731123803,0,veteran,135.8305514016934,17.454859647594105,58.0,13.0,-45.0,False,239.8133333333339,False
Hunter Henry,TE,NE,87.0,11.0,9.69,178.8,10.5176470588235,17.0,0.1953474666247,0.786190476190476,154.42961206721392,TE_gbm,1,-5.244402479179989,0,veteran,137.2432429488599,17.186369118354037,59.0,87.0,28.0,False,178.7999999999995,False
Quinshon Judkins,RB,CLE,59.0,22.0,12.06,169.8,12.1285714285714,14.0,0.1152085135048159,0.505,172.42690795492877,RB_ridge,1,-2.3156060854344385,0,veteran,156.1167596867138,16.31014826821496,60.0,59.0,-1.0,False,206.1857142857138,False
Derrick Henry,RB,BAL,24.0,11.0,14.51,279.5,16.4411764705882,17.0,0.0736702964938836,0.545294117647059,172.28395044513988,RB_ridge,0,0.4558089730608386,0,veteran,156.1167596867138,16.167190758426074,61.0,24.0,-37.0,False,279.4999999999994,False
Bryce Young,QB,CAR,147.0,25.0,17.87,229.04,14.315,16.0,0.0,0.969411764705882,227.38812398697732,QB_ridge,0,-0.9174934729566496,0,veteran,212.80908857304937,14.579035413927954,62.0,147.0,85.0,False,243.355,False
Bucky Irving,RB,TB,64.0,23.0,11.92,138.5,13.85,10.0,0.128074509644707,0.616,170.20215043784913,RB_ridge,1,-2.3156060854344385,0,veteran,156.1167596867138,14.085390751135321,63.0,64.0,1.0,True,235.45,False
Quentin Johnston,WR,LAC,98.0,46.0,9.94,171.2,13.1692307692308,13.0,0.225981030415851,0.768666666666667,149.14026231366333,WR_lgbm,0,-5.848188465752081,0,veteran,135.8305514016934,13.309710911969916,64.0,98.0,34.0,False,223.87692307692362,False
Jeremiyah Love,RB,ARI,21.0,9.0,,,,,,,169.3333569327338,rookie_prior_ridge,0,,0,rookie,156.1167596867138,13.216597246020001,65.0,21.0,-44.0,False,,False
Kenneth Walker,RB,KC,14.0,6.0,15.66,191.9,11.2882352941176,17.0,0.114840346565526,0.4935,169.2015018258968,RB_ridge,0,5.300602599522808,1,veteran,156.1167596867138,13.084742139182993,66.0,14.0,-52.0,False,191.8999999999992,False
Omarion Hampton,RB,LAC,26.0,12.0,14.4,135.7,15.0777777777778,9.0,0.158780762472339,0.574,169.0994107180806,RB_ridge,0,-5.848188465752081,0,veteran,156.1167596867138,12.9826510313668,67.0,26.0,-41.0,True,256.3222222222226,False
Carnell Tate,WR,TEN,57.0,28.0,,,,,,,147.4142419646675,rookie_prior_ridge,0,,0,rookie,135.8305514016934,11.583690562974084,68.0,57.0,-11.0,False,,False
Marvin Harrison,WR,ARI,60.0,29.0,11.18,127.8,10.65,12.0,0.221632431785534,0.7125,146.46161953388713,WR_lgbm,0,-4.450844670721244,0,veteran,135.8305514016934,10.631068132193718,69.0,60.0,-9.0,False,181.05,False
DK Metcalf,WR,PIT,51.0,25.0,11.58,187.2,12.48,15.0,0.24083106246141,0.871875,145.9986813413785,WR_lgbm,0,-6.551421263838917,0,veteran,135.8305514016934,10.168129939685087,70.0,51.0,-19.0,False,212.16,False
Ladd McConkey,WR,LAC,68.0,31.0,11.03,180.9,11.30625,16.0,0.231631495093878,0.781176470588235,145.88631415394076,WR_lgbm,0,-5.848188465752081,0,veteran,135.8305514016934,10.055762752247347,71.0,68.0,-3.0,False,192.20625,False
Rome Odunze,WR,CHI,41.0,19.0,12.17,146.1,12.175,12.0,0.240479987322755,0.859285714285714,145.76621347216297,WR_lgbm,1,-4.79011169771107,0,veteran,135.8305514016934,9.935662070469562,72.0,41.0,-31.0,False,206.97500000000002,False
Malik Nabers,WR,NYG,20.0,10.0,14.48,57.1,14.275,4.0,0.308809523809524,0.795,145.74273385769555,WR_lgbm,0,-3.3189211254310966,0,veteran,135.8305514016934,9.912182456002142,73.0,20.0,-53.0,True,242.675,False
Jaxson Dart,QB,NYG,62.0,4.0,21.4,246.58,17.6128571428571,14.0,0.0,0.836428571428571,219.96318111922665,QB_ridge,0,-3.3189211254310966,0,veteran,212.80908857304937,7.1540925461772815,74.0,62.0,-12.0,False,299.41857142857066,False
RJ Harvey,RB,DEN,123.0,33.0,9.62,206.6,12.1529411764706,17.0,0.132221531162506,0.437368421052632,163.0810640452599,RB_ridge,0,1.6623237357923664,0,veteran,156.1167596867138,6.964304358546087,75.0,123.0,48.0,False,206.6000000000002,False
AJ Barner,TE,SEA,109.0,15.0,8.84,147.3,8.66470588235294,17.0,0.166598744203719,0.7895,143.71474642343418,TE_gbm,1,-2.673629810734993,0,veteran,137.2432429488599,6.471503474574291,76.0,109.0,33.0,False,147.29999999999998,False
Rashee Rice,WR,KC,47.0,23.0,11.81,150.1,18.7625,8.0,0.296600893174287,0.74875,141.47487106875727,WR_lgbm,0,5.300602599522808,0,veteran,135.8305514016934,5.644319667063854,77.0,47.0,-30.0,True,318.9625,False
Dallas Goedert,TE,PHI,131.0,22.0,7.91,185.1,12.34,15.0,0.246505813514817,0.850625,141.69621428197297,TE_gbm,1,-2.3156060854344385,0,veteran,137.2432429488599,4.452971333113084,78.0,131.0,53.0,False,209.78,False
Jordyn Tyson,WR,NO,95.0,43.0,,,,,,,138.27597323604178,rookie_prior_ridge,0,,0,rookie,135.8305514016934,2.445421834348366,79.0,95.0,16.0,False,,False
Jaylen Warren,RB,PIT,48.0,18.0,12.51,217.1,13.56875,16.0,0.128288929580752,0.504705882352941,157.99717545904232,RB_ridge,0,-6.551421263838917,0,veteran,156.1167596867138,1.8804157723285186,80.0,48.0,-32.0,False,230.66875,False
Troy Franklin,WR,DEN,190.0,82.0,5.64,177.1,10.4176470588235,17.0,0.212793657692202,0.572777777777778,135.8305514016934,WR_lgbm,0,1.6623237357923664,0,veteran,135.8305514016934,0.0,81.0,188.0,107.0,False,177.09999999999948,False
Rhamondre Stevenson,RB,NE,89.0,28.0,11.05,178.8,12.7714285714286,14.0,0.122753954248972,0.617777777777778,156.1167596867138,RB_ridge,1,-5.244402479179989,0,veteran,156.1167596867138,0.0,81.0,89.0,8.0,False,217.1142857142862,False
Theo Johnson,TE,NYG,186.0,33.0,5.3,127.8,8.52,15.0,0.19195028502204,0.867333333333333,137.2432429488599,TE_gbm,0,-3.3189211254310966,0,veteran,137.2432429488599,0.0,81.0,184.0,103.0,False,144.84,False
C.J. Stroud,QB,HOU,127.0,19.0,18.93,216.54,15.4671428571429,14.0,0.0,0.923125,212.80908857304937,QB_ridge,0,-2.5050011258412974,0,veteran,212.80908857304937,0.0,81.0,127.0,46.0,False,262.9414285714293,False
Michael Pittman,WR,PIT,86.0,39.0,10.28,202.4,11.9058823529412,17.0,0.240760434919222,0.855294117647059,134.66201254404626,WR_lgbm,0,-6.551421263838917,1,veteran,135.8305514016934,-1.1685388576471496,85.0,86.0,1.0,False,202.4000000000004,False
Baker Mayfield,QB,TB,117.0,18.0,19.29,282.92,16.6423529411765,17.0,0.0,0.971176470588235,210.9402808983646,QB_ridge,1,-2.3156060854344385,0,veteran,212.80908857304937,-1.8688076746847742,86.0,117.0,31.0,False,282.9200000000005,False
KC Concepcion,WR,CLE,126.0,56.0,,,,,,,133.8672268556256,rookie_prior_ridge,0,,0,rookie,135.8305514016934,-1.9633245460678097,87.0,126.0,39.0,False,,False
Cam Skattebo,RB,NYG,71.0,24.0,11.83,127.7,15.9625,8.0,0.167697406759907,0.5225,153.68532981461527,RB_ridge,0,-3.3189211254310966,0,veteran,156.1167596867138,-2.4314298720985335,88.0,71.0,-17.0,True,271.3625,False
Jauan Jennings,WR,MIN,122.0,54.0,8.85,173.3,11.5533333333333,15.0,0.20809266873968,0.827058823529412,133.2704471931084,WR_lgbm,0,2.6816146451914005,1,veteran,135.8305514016934,-2.5601042085850167,89.0,122.0,33.0,False,196.40666666666613,False
Luther Burden,WR,CHI,40.0,18.0,12.26,127.9,8.52666666666667,15.0,0.167374459250066,0.418235294117647,133.17699063476232,WR_lgbm,1,-4.79011169771107,0,veteran,135.8305514016934,-2.6535607669310934,90.0,40.0,-50.0,False,144.9533333333334,False
Travis Kelce,TE,KC,44.0,5.0,11.38,193.2,11.3647058823529,17.0,0.216993296827174,0.818823529411765,134.09567954315955,TE_gbm,0,5.300602599522808,0,veteran,137.2432429488599,-3.147563405700339,91.0,44.0,-47.0,False,193.1999999999993,False
Jayden Higgins,WR,HOU,104.0,49.0,9.81,129.5,7.61764705882353,17.0,0.174807771335619,0.582631578947368,132.50285897437428,WR_lgbm,0,-2.5050011258412974,0,veteran,135.8305514016934,-3.3276924273191355,92.0,104.0,12.0,False,129.5,False
Sam Darnold,QB,SEA,137.0,21.0,18.62,249.42,14.6717647058824,17.0,0.0,0.962,209.45063439166896,QB_ridge,1,-2.673629810734993,0,veteran,212.80908857304937,-3.3584541813804094,93.0,137.0,44.0,False,249.42000000000078,False
Parker Washington,WR,JAX,80.0,37.0,10.49,172.7,10.79375,16.0,0.250936645065578,0.619411764705882,130.37672479168384,WR_lgbm,1,-2.3156060854344385,0,veteran,135.8305514016934,-5.453826610009571,94.0,80.0,-14.0,False,183.49374999999998,False
Jordan Love,QB,GB,114.0,17.0,19.44,241.14,16.076,15.0,0.0,0.94625,207.27286275725447,QB_ridge,0,-4.223375364931628,0,veteran,212.80908857304937,-5.536225815794893,95.0,114.0,19.0,False,273.29200000000003,False
Jared Goff,QB,DET,84.0,10.0,20.71,305.06,17.9447058823529,17.0,0.0,0.985294117647059,204.9792427373109,QB_ridge,1,-2.3156060854344385,0,veteran,212.80908857304937,-7.8298458357384675,96.0,84.0,-12.0,False,305.05999999999926,False
Ricky Pearsall,WR,SF,118.0,52.0,8.99,88.6,9.84444444444444,9.0,0.202495955072736,0.773,125.37656367860068,WR_lgbm,0,-2.673629810734993,0,veteran,135.8305514016934,-10.453987723092737,97.0,118.0,21.0,True,167.35555555555547,False
Makai Lemon,WR,PHI,138.0,59.0,,,,,,,124.45514329161888,rookie_prior_ridge,0,,0,rookie,135.8305514016934,-11.375408110074531,98.0,138.0,40.0,False,,False
Lamar Jackson,QB,BAL,82.0,9.0,20.72,221.86,17.0661538461538,13.0,0.0,0.922307692307692,201.3917084603761,QB_ridge,0,0.4558089730608386,0,veteran,212.80908857304937,-11.417380112673271,99.0,82.0,-17.0,False,290.1246153846146,False
Tony Pollard,RB,TEN,113.0,31.0,10.02,185.8,10.9294117647059,17.0,0.104291874014058,0.624705882352941,144.63325478861296,RB_ridge,0,-6.68407505908549,0,veteran,156.1167596867138,-11.483504898100847,100.0,113.0,13.0,False,185.8000000000003,False
Christian Watson,WR,GB,54.0,27.0,11.46,132.4,13.24,10.0,0.222585704792008,0.688181818181818,123.86883773891012,WR_lgbm,0,-4.223375364931628,0,veteran,135.8305514016934,-11.961713662783296,101.0,54.0,-47.0,True,225.08,False
Kenny Gainwell,RB,TB,132.0,34.0,9.26,221.3,13.0176470588235,17.0,0.190816991902367,,144.14409812494225,RB_ridge,1,-2.3156060854344385,1,veteran,156.1167596867138,-11.97266156177156,102.0,132.0,30.0,False,221.2999999999995,False
Tyrone Tracy,RB,NYG,164.0,42.0,7.86,160.8,10.72,15.0,0.150534119491713,0.544666666666667,143.00341285826144,RB_ridge,0,-3.3189211254310966,0,veteran,156.1167596867138,-13.113346828452364,103.0,164.0,61.0,False,182.24,False
Tre Tucker,WR,LV,148.0,60.0,7.59,161.7,9.51176470588235,17.0,0.21127581476643,0.948235294117647,122.61644063457358,WR_lgbm,1,-2.3156060854344385,0,veteran,135.8305514016934,-13.214110767119834,104.0,148.0,44.0,False,161.69999999999993,False
Kenyon Sadiq,TE,NYJ,163.0,28.0,,,,,,,122.45635815189505,rookie_prior_ridge,0,,0,rookie,137.2432429488599,-14.786884796964841,105.0,163.0,58.0,False,,False
Dalton Schultz,TE,HOU,125.0,19.0,8.19,177.7,10.4529411764706,17.0,0.20255147741657,0.685789473684211,122.24874756188667,TE_gbm,0,-2.5050011258412974,0,veteran,137.2432429488599,-14.994495386973213,106.0,125.0,19.0,False,177.70000000000022,False
Jake Ferguson,TE,DAL,83.0,10.0,9.88,188.1,11.0647058823529,17.0,0.204433848057723,0.667058823529412,121.05961198891096,TE_gbm,1,-2.3156060854344385,0,veteran,137.2432429488599,-16.18363095994893,107.0,83.0,-24.0,False,188.0999999999993,False
Zach Charbonnet,RB,SEA,287.0,64.0,3.25,181.4,11.3375,16.0,0.0923532925140103,0.464117647058824,139.90367382693256,RB_ridge,1,-2.673629810734993,0,veteran,156.1167596867138,-16.213085859781245,108.0,282.0,174.0,False,192.7375,False
Jadarian Price,RB,SEA,141.0,36.0,,,,,,,138.92803518256244,rookie_prior_ridge,0,,0,rookie,156.1167596867138,-17.188724504151367,109.0,141.0,32.0,False,,False
Omar Cooper,WR,NYJ,149.0,61.0,,,,,,,118.15485853739324,rookie_prior_ridge,0,,0,rookie,135.8305514016934,-17.675692864300174,110.0,149.0,39.0,False,,False
Jerry Jeudy,WR,CLE,153.0,63.0,7.51,120.7,7.1,17.0,0.232045088350143,0.845294117647059,118.09785076124524,WR_lgbm,1,-2.3156060854344385,0,veteran,135.8305514016934,-17.732700640448172,111.0,153.0,42.0,False,120.69999999999999,False
Jordan Addison,WR,MIN,85.0,38.0,10.35,135.1,9.65,14.0,0.23364245390908,0.851428571428571,117.34493328504551,WR_lgbm,0,2.6816146451914005,0,veteran,135.8305514016934,-18.4856181166479,112.0,85.0,-27.0,False,164.05,False
Dak Prescott,QB,DAL,66.0,6.0,21.34,323.78,19.0458823529412,17.0,0.0,0.950588235294118,194.09003437280427,QB_ridge,1,-2.3156060854344385,0,veteran,212.80908857304937,-18.719054200245097,113.0,66.0,-47.0,False,323.78000000000037,False
Romeo Doubs,WR,NE,133.0,57.0,8.43,165.4,10.3375,16.0,0.233031846238902,0.772941176470588,116.73900524827252,WR_lgbm,1,-5.244402479179989,1,veteran,135.8305514016934,-19.091546153420893,114.0,133.0,19.0,False,175.7375,False
Daniel Jones,QB,IND,184.0,29.0,16.17,234.44,18.0338461538462,13.0,0.0,0.914615384615385,192.3365476702555,QB_ridge,0,-5.206003754852174,0,veteran,212.80908857304937,-20.472540902793867,115.0,182.0,67.0,False,306.57538461538536,False
Denzel Boston,WR,CLE,151.0,62.0,,,,,,,115.16674760200246,rookie_prior_ridge,0,,0,rookie,135.8305514016934,-20.663803799690953,116.0,151.0,35.0,False,,False
Woody Marks,RB,HOU,178.0,46.0,7.01,145.1,9.06875,16.0,0.0912458509975257,0.535,135.2919316736231,RB_ridge,0,-2.5050011258412974,0,veteran,156.1167596867138,-20.824828013090695,117.0,176.0,59.0,False,154.16875,False
Keon Coleman,WR,BUF,299.0,131.0,2.15,102.4,8.53333333333333,12.0,0.181568057993179,0.624,114.2379556868466,WR_lgbm,0,-1.7945790111540487,0,veteran,135.8305514016934,-21.59259571484681,118.0,293.0,175.0,False,145.0666666666666,False
Evan Engram,TE,DEN,205.0,38.0,4.41,102.8,6.425,16.0,0.148785986507415,0.418888888888889,115.35244358855287,TE_gbm,0,1.6623237357923664,0,veteran,137.2432429488599,-21.890799360307014,119.0,201.0,82.0,False,109.225,False
Khalil Shakir,WR,BUF,91.0,41.0,10.13,166.4,10.4,16.0,0.246537264515151,0.606111111111111,113.91506608285664,WR_lgbm,0,-1.7945790111540487,0,veteran,135.8305514016934,-21.915485318836772,120.0,91.0,-29.0,False,176.8,False
Cam Ward,QB,TEN,146.0,24.0,18.03,193.66,11.3917647058824,17.0,0.0,0.946470588235294,190.88926740016285,QB_ridge,0,-6.68407505908549,0,veteran,212.80908857304937,-21.919821172886515,121.0,146.0,25.0,False,193.6600000000008,False
Cade Otton,TE,TB,143.0,26.0,7.5,122.2,8.14666666666667,15.0,0.209246573826169,0.935,112.75183124458935,TE_gbm,1,-2.3156060854344385,0,veteran,137.2432429488599,-24.491411704270533,122.0,143.0,21.0,False,138.4933333333334,False
Brenton Strange,TE,JAX,120.0,17.0,8.39,118.0,9.83333333333333,12.0,0.171548289414893,0.758461538461538,112.519920964806,TE_gbm,1,-2.3156060854344385,0,veteran,137.2432429488599,-24.723321984053882,123.0,120.0,-3.0,False,167.16666666666663,False
Malachi Fields,WR,NYG,207.0,93.0,,,,,,,111.00592932658552,rookie_prior_ridge,0,,0,rookie,135.8305514016934,-24.824622075107897,124.0,203.0,79.0,False,,False
Tyjae Spears,RB,TEN,171.0,43.0,7.17,111.7,8.59230769230769,13.0,0.146730435803501,0.459230769230769,130.4717573417823,RB_ridge,0,-6.68407505908549,0,veteran,156.1167596867138,-25.6450023449315,125.0,169.0,44.0,False,146.06923076923073,False
Oronde Gadsden,TE,LAC,135.0,23.0,7.84,131.4,8.76,15.0,0.167475356662288,0.615,111.58864227455447,TE_gbm,0,-5.848188465752081,0,veteran,137.2432429488599,-25.654600674305414,126.0,135.0,9.0,False,148.92,False
Colby Parkinson,TE,LAR,199.0,35.0,4.66,129.8,9.27142857142857,14.0,0.142441146379447,0.625555555555556,111.36222251301784,TE_gbm,1,-3.204847043487389,0,veteran,137.2432429488599,-25.881020435842046,127.0,195.0,68.0,False,157.6142857142857,False
Kyle Monangai,RB,CHI,111.0,30.0,10.1,146.7,8.62941176470588,17.0,0.0926066328536785,0.409473684210526,127.91699933134691,RB_ridge,1,-4.79011169771107,0,veteran,156.1167596867138,-28.19976035536689,128.0,111.0,-17.0,False,146.69999999999996,False
Chig Okonkwo,TE,WAS,142.0,25.0,7.53,124.0,7.29411764705882,17.0,0.169413760483569,,109.01410189946029,TE_gbm,0,1.05845290147838,1,veteran,137.2432429488599,-28.2291410493996,129.0,142.0,13.0,False,123.99999999999994,False
Dawson Knox,TE,BUF,204.0,37.0,4.42,103.7,6.48125,16.0,0.137928645922544,0.580526315789474,108.888020949179,TE_gbm,0,-1.7945790111540487,0,veteran,137.2432429488599,-28.355221999680893,130.0,200.0,70.0,False,110.18125,False
DJ Moore,WR,BUF,79.0,36.0,10.57,170.18,10.0105882352941,17.0,0.171614914627179,0.842105263157895,106.85931982597872,WR_lgbm,0,-1.7945790111540487,1,veteran,135.8305514016934,-28.971231575714697,131.0,79.0,-52.0,False,170.1799999999997,False
Mike Evans,WR,SF,74.0,33.0,10.86,84.8,10.6,8.0,0.284564555454433,0.65625,106.6641148674542,WR_lgbm,0,-2.673629810734993,1,veteran,135.8305514016934,-29.16643653423921,132.0,74.0,-58.0,True,180.2,True
Rico Dowdle,RB,PIT,90.0,29.0,10.94,216.3,12.7235294117647,17.0,0.147750326610785,0.549444444444444,126.3726803483449,RB_ridge,0,-6.551421263838917,1,veteran,156.1167596867138,-29.744079338368905,133.0,90.0,-43.0,False,216.2999999999999,False
Mason Taylor,TE,NYJ,215.0,42.0,4.21,88.9,6.83846153846154,13.0,0.211962609810004,0.810769230769231,106.34722839770228,TE_gbm,1,-2.3156060854344385,0,veteran,137.2432429488599,-30.896014551157606,134.0,211.0,77.0,False,116.25384615384618,False
Germie Bernard,WR,PIT,177.0,73.0,,,,,,,104.7533927953712,rookie_prior_ridge,0,,0,rookie,135.8305514016934,-31.077158606322214,135.0,175.0,40.0,False,,False
Cooper Kupp,WR,SEA,192.0,84.0,5.49,117.3,7.33125,16.0,0.213364023530041,0.757368421052632,104.70818486537192,WR_lgbm,1,-2.673629810734993,0,veteran,135.8305514016934,-31.122366536321493,136.0,190.0,54.0,False,124.63125,False
De'Zhaun Stribling,WR,SF,169.0,70.0,,,,,,,104.52054182875028,rookie_prior_ridge,0,,0,rookie,135.8305514016934,-31.31000957294313,137.0,167.0,30.0,False,,False
Terrance Ferguson,TE,LAR,232.0,46.0,3.71,52.1,4.73636363636364,11.0,0.0904079966725771,0.401333333333333,105.74885348387264,TE_gbm,1,-3.204847043487389,0,veteran,137.2432429488599,-31.49438946498725,138.0,227.0,89.0,True,80.51818181818187,False
Terry McLaurin,WR,WAS,49.0,24.0,11.63,114.2,11.42,10.0,0.252165675203334,0.704,103.88133924718244,WR_lgbm,0,1.05845290147838,0,veteran,135.8305514016934,-31.949212154510974,139.0,49.0,-90.0,True,194.14,False
Mike Washington,RB,LV,253.0,58.0,,,,,,,122.56534523713115,rookie_prior_ridge,0,,0,rookie,156.1167596867138,-33.55141444958265,140.0,248.0,108.0,False,,False
Pat Freiermuth,TE,PIT,139.0,24.0,7.71,113.6,7.57333333333333,15.0,0.124881040193632,0.513333333333333,103.36866771368278,TE_gbm,0,-6.551421263838917,0,veteran,137.2432429488599,-33.874575235177105,141.0,139.0,-2.0,False,128.7466666666666,False
Michael Mayer,TE,LV,172.0,30.0,5.76,73.8,5.67692307692308,13.0,0.205724704765793,0.617692307692308,101.49958979578416,TE_gbm,1,-2.3156060854344385,0,veteran,137.2432429488599,-35.743653153075726,142.0,170.0,28.0,False,96.50769230769235,False
J.K. Dobbins,RB,DEN,134.0,35.0,9.23,115.9,11.59,10.0,0.0528863170089226,0.511,119.92530078053169,RB_ridge,0,1.6623237357923664,0,veteran,156.1167596867138,-36.19145890618212,143.0,134.0,-9.0,True,197.03,False
Kaelon Black,RB,SF,352.0,83.0,,,,,,,119.9003168521393,rookie_prior_ridge,0,,0,rookie,156.1167596867138,-36.21644283457451,144.0,341.0,197.0,False,,False
Kimani Vidal,RB,LAC,294.0,65.0,3.06,117.9,9.06923076923077,13.0,0.0847326786909167,0.572142857142857,119.78296248701557,RB_ridge,0,-5.848188465752081,0,veteran,156.1167596867138,-36.33379719969824,145.0,289.0,144.0,False,154.17692307692312,False
Chuba Hubbard,RB,CAR,58.0,21.0,12.15,125.4,8.36,15.0,0.106382171813697,0.4675,119.51622476765198,RB_ridge,0,-0.9174934729566496,0,veteran,156.1167596867138,-36.60053491906183,146.0,58.0,-88.0,False,142.12,False
Jakobi Meyers,WR,JAX,107.0,50.0,9.58,175.8,10.9875,16.0,0.236243980145803,0.81,99.22573377052753,WR_lgbm,1,-2.3156060854344385,0,veteran,135.8305514016934,-36.604817631165886,147.0,107.0,-40.0,False,186.78750000000002,False
Kayshon Boutte,WR,NE,198.0,88.0,5.34,124.1,8.86428571428571,14.0,0.164783603424102,0.675555555555556,98.7078645774512,WR_lgbm,1,-5.244402479179989,0,veteran,135.8305514016934,-37.12268682424221,148.0,194.0,46.0,False,150.69285714285706,False
Tucker Kraft,TE,GB,81.0,9.0,9.92,117.2,14.65,8.0,0.231209892800802,0.86,99.8199920703862,TE_gbm,0,-4.223375364931628,0,veteran,137.2432429488599,-37.42325087847368,149.0,81.0,-68.0,True,249.05,False
Matthew Golden,WR,GB,119.0,53.0,8.95,70.0,5.0,14.0,0.139279656857997,0.529333333333333,97.65097850854112,WR_lgbm,0,-4.223375364931628,0,veteran,135.8305514016934,-38.1795728931523,150.0,119.0,-31.0,False,85.0,False
Jacoby Brissett,QB,ARI,162.0,27.0,17.34,235.44,16.8171428571429,14.0,0.0,0.857142857142857,173.81513947419757,QB_ridge,0,-4.450844670721244,0,veteran,212.80908857304937,-38.9939490988518,151.0,162.0,11.0,False,285.89142857142934,False
Ryan Flournoy,WR,DAL,157.0,64.0,7.27,114.0,7.6,15.0,0.202775284994037,0.477333333333333,96.81420529319242,WR_lgbm,1,-2.3156060854344385,0,veteran,135.8305514016934,-39.016346108501,152.0,157.0,5.0,False,129.2,False
T.J. Hockenson,TE,MIN,121.0,18.0,8.34,112.8,7.52,15.0,0.180730543200806,0.779333333333333,97.73730212703748,TE_gbm,0,2.6816146451914005,0,veteran,137.2432429488599,-39.505940821822406,153.0,121.0,-32.0,False,127.83999999999999,False
Mack Hollins,WR,NE,262.0,117.0,2.98,113.4,8.1,14.0,0.213463473195486,0.675882352941176,96.20966820112316,WR_lgbm,1,-5.244402479179989,0,veteran,135.8305514016934,-39.62088320057025,154.0,257.0,103.0,False,137.7,False
Alvin Kamara,RB,NO,295.0,66.0,3.02,100.7,9.15454545454545,11.0,0.142596767881111,0.637272727272727,115.05061005226436,RB_ridge,1,-2.3156060854344385,0,veteran,156.1167596867138,-41.066149634449445,155.0,290.0,135.0,True,155.62727272727267,False
Chris Bell,WR,MIA,194.0,85.0,,,,,,,94.7248039446599,rookie_prior_ridge,0,,0,rookie,135.8305514016934,-41.105747457033516,156.0,191.0,35.0,False,,False
Josh Downs,WR,IND,75.0,34.0,10.81,136.4,8.525,16.0,0.194384132199429,0.586875,94.60824865344324,WR_lgbm,0,-5.206003754852174,0,veteran,135.8305514016934,-41.22230274825017,157.0,75.0,-82.0,False,144.925,False
Xavier Worthy,WR,KC,70.0,32.0,11.02,109.9,7.85,14.0,0.181941438621881,0.705714285714286,94.35146174988644,WR_lgbm,0,5.300602599522808,0,veteran,135.8305514016934,-41.47908965180697,158.0,70.0,-88.0,False,133.45,False
Ja'Kobi Lane,WR,BAL,211.0,95.0,,,,,,,93.35207982008916,rookie_prior_ridge,0,,0,rookie,135.8305514016934,-42.47847158160425,159.0,207.0,48.0,False,,False
Sam LaPorta,TE,DET,69.0,8.0,10.47,106.9,11.8777777777778,9.0,0.19872243281685,0.906666666666667,94.37515328961356,TE_gbm,1,-2.3156060854344385,0,veteran,137.2432429488599,-42.86808965924632,160.0,69.0,-91.0,True,201.9222222222226,False
Mark Andrews,TE,BAL,106.0,13.0,9.08,131.0,7.70588235294118,17.0,0.185690681306848,0.617058823529412,94.34318319098644,TE_gbm,0,0.4558089730608386,0,veteran,137.2432429488599,-42.90005975787345,161.0,106.0,-55.0,False,131.00000000000006,False
Marvin Mims,WR,DEN,223.0,103.0,4.46,87.0,5.8,15.0,0.143361984144048,0.402352941176471,92.59170806819571,WR_lgbm,0,1.6623237357923664,0,veteran,135.8305514016934,-43.2388433334977,162.0,219.0,57.0,False,98.6,False
Dylan Sampson,RB,CLE,174.0,44.0,7.05,87.6,5.84,15.0,0.136528092502529,0.264666666666667,112.65125061851327,RB_ridge,1,-2.3156060854344385,0,veteran,156.1167596867138,-43.46550906820053,163.0,172.0,9.0,False,99.28,False
Mike Gesicki,TE,CIN,156.0,27.0,6.76,70.7,5.89166666666667,12.0,0.120385263767011,0.385384615384615,93.049239809553,TE_gbm,0,10.0828731123803,0,veteran,137.2432429488599,-44.194003139306886,164.0,156.0,-8.0,False,100.15833333333339,False
Aaron Jones,RB,MIN,55.0,20.0,12.26,118.7,9.89166666666667,12.0,0.161004072763199,0.550833333333333,111.77684474586933,RB_ridge,0,2.6816146451914005,0,veteran,156.1167596867138,-44.33991494084448,165.0,55.0,-110.0,False,168.1583333333334,False
Joe Burrow,QB,CIN,28.0,2.0,23.78,139.46,17.4325,8.0,0.0,0.8775,168.00172542119708,QB_ridge,0,10.0828731123803,0,veteran,212.80908857304937,-44.807363151852286,166.0,28.0,-138.0,True,296.3525,False
Eli Stowers,TE,PHI,185.0,32.0,,,,,,,92.37653699529592,rookie_prior_ridge,0,,0,rookie,137.2432429488599,-44.866705953563965,167.0,183.0,16.0,False,,False
Xavier Legette,WR,CAR,248.0,113.0,3.41,89.3,5.95333333333333,15.0,0.181153008299765,0.66125,90.72009276052812,WR_lgbm,0,-0.9174934729566496,0,veteran,135.8305514016934,-45.110458641165295,168.0,243.0,75.0,False,101.2066666666666,False
Cole Kmet,TE,CHI,213.0,40.0,4.22,78.7,4.91875,16.0,0.123742766204076,0.708333333333333,91.77484290553129,TE_gbm,1,-4.79011169771107,0,veteran,137.2432429488599,-45.4684000433286,169.0,209.0,40.0,False,83.61875,False
Blake Corum,RB,LAR,150.0,38.0,8.37,122.2,7.18823529411765,17.0,0.0633518099143221,0.3035,110.50053242727786,RB_ridge,1,-3.204847043487389,0,veteran,156.1167596867138,-45.616227259435945,170.0,150.0,-20.0,False,122.20000000000005,False
Elic Ayomanor,WR,TEN,246.0,111.0,3.54,116.5,7.28125,16.0,0.208025051585952,0.805625,90.11309975435114,WR_lgbm,0,-6.68407505908549,0,veteran,135.8305514016934,-45.71745164734227,171.0,241.0,70.0,False,123.78125,False
Marquise Brown,WR,PHI,241.0,110.0,3.83,137.7,8.60625,16.0,0.206542296473976,0.535,89.91889238289896,WR_lgbm,1,-2.3156060854344385,1,veteran,135.8305514016934,-45.91165901879445,172.0,236.0,64.0,False,146.30624999999998,False
Chris Brazzell,WR,CAR,228.0,106.0,,,,,,,89.82567288825419,rookie_prior_ridge,0,,0,rookie,135.8305514016934,-46.00487851343922,173.0,223.0,50.0,False,,False
Chimere Dike,WR,TEN,195.0,86.0,5.43,114.1,6.71176470588235,17.0,0.16923412374144,0.592941176470588,88.79348370661619,WR_lgbm,0,-6.68407505908549,0,veteran,135.8305514016934,-47.037067695077226,174.0,192.0,18.0,False,114.09999999999995,False
Pat Bryant,WR,DEN,179.0,74.0,6.2,74.8,5.75384615384615,13.0,0.134399921925426,0.432352941176471,87.839894743208,WR_lgbm,0,1.6623237357923664,0,veteran,135.8305514016934,-47.990656658485406,175.0,177.0,2.0,False,97.81538461538456,False
Jayden Daniels,QB,WAS,103.0,14.0,20.13,117.28,16.7542857142857,7.0,0.0,0.902857142857143,164.78243034529956,QB_ridge,0,1.05845290147838,0,veteran,212.80908857304937,-48.026658227749806,176.0,103.0,-73.0,True,284.8228571428569,False
Zachariah Branch,WR,ATL,188.0,80.0,,,,,,,86.50564664622019,rookie_prior_ridge,0,,0,rookie,135.8305514016934,-49.32490475547323,177.0,186.0,9.0,False,,False
Ted Hurst,WR,TB,231.0,107.0,,,,,,,86.24269021112157,rookie_prior_ridge,0,,0,rookie,135.8305514016934,-49.58786119057184,178.0,226.0,48.0,False,,False
Xavier Hutchinson,WR,HOU,267.0,121.0,2.81,98.0,6.125,16.0,0.171052455438745,0.593157894736842,86.16142972210073,WR_lgbm,0,-2.5050011258412974,0,veteran,135.8305514016934,-49.66912167959268,179.0,262.0,83.0,False,104.125,False
Antonio Williams,WR,WAS,158.0,65.0,,,,,,,85.67868819472734,rookie_prior_ridge,0,,0,rookie,135.8305514016934,-50.15186320696607,180.0,158.0,-22.0,False,,False
Adonai Mitchell,WR,NYJ,221.0,101.0,4.56,87.9,5.49375,16.0,0.267241481521646,0.76125,85.23127533175914,WR_lgbm,1,-2.3156060854344385,0,veteran,135.8305514016934,-50.59927606993428,181.0,217.0,36.0,False,93.39375000000001,False
Cedric Tillman,WR,CLE,381.0,158.0,0.76,60.0,5.0,12.0,0.135913273361419,0.618461538461539,85.14194051837208,WR_lgbm,1,-2.3156060854344385,0,veteran,135.8305514016934,-50.68861088332133,182.0,369.0,187.0,False,85.0,False
Rachaad White,RB,WAS,144.0,37.0,8.79,143.0,8.41176470588235,17.0,0.0999533081557436,0.510588235294118,105.17006744005096,RB_ridge,0,1.05845290147838,1,veteran,156.1167596867138,-50.94669224666285,183.0,144.0,-39.0,False,142.99999999999994,False
Tre' Harris,WR,LAC,189.0,81.0,5.65,69.4,4.3375,16.0,0.123597704639158,0.49,84.74939988279051,WR_lgbm,0,-5.848188465752081,0,veteran,135.8305514016934,-51.0811515189029,184.0,187.0,3.0,False,73.73750000000001,False
Juwan Johnson,TE,NO,110.0,16.0,8.78,179.9,10.5823529411765,17.0,0.195652230542037,0.75,86.0934983399914,TE_gbm,1,-2.3156060854344385,0,veteran,137.2432429488599,-51.14974460886849,185.0,110.0,-75.0,False,179.90000000000052,False
Jayden Reed,WR,GB,96.0,44.0,10.0,48.5,9.7,5.0,0.177120327396111,0.445,84.30917282417117,WR_lgbm,0,-4.223375364931628,0,veteran,135.8305514016934,-51.52137857752224,186.0,96.0,-90.0,True,164.89999999999998,False
Trey Benson,RB,ARI,406.0,97.0,1.17,35.4,8.85,4.0,0.160629437119675,0.4825,104.44853759656988,RB_ridge,0,-4.450844670721244,0,veteran,156.1167596867138,-51.66822209014393,187.0,393.0,206.0,True,150.45,False
Calvin Ridley,WR,TEN,202.0,90.0,5.08,47.3,6.75714285714286,7.0,0.230935094060593,0.571428571428571,82.81229678431659,WR_lgbm,0,-6.68407505908549,0,veteran,135.8305514016934,-53.018254617376826,188.0,198.0,10.0,True,114.87142857142862,False
DeMario Douglas,WR,NE,260.0,115.0,3.09,95.8,5.9875,16.0,0.129524397669775,0.273571428571429,82.17935747272944,WR_lgbm,1,-5.244402479179989,0,veteran,135.8305514016934,-53.65119392896398,189.0,255.0,66.0,False,101.7875,False
Tyquan Thornton,WR,KC,203.0,91.0,5.08,80.8,6.73333333333333,12.0,0.140958020012581,0.39,81.05762340500476,WR_lgbm,0,5.300602599522808,0,veteran,135.8305514016934,-54.77292799668865,190.0,199.0,9.0,False,114.46666666666661,False
Rashod Bateman,WR,BAL,201.0,89.0,5.08,55.4,4.26153846153846,13.0,0.155262100474298,0.693076923076923,81.00394431871764,WR_lgbm,0,0.4558089730608386,0,veteran,135.8305514016934,-54.82660708297577,191.0,197.0,6.0,False,72.44615384615382,False
Chris Godwin,WR,TB,88.0,40.0,10.25,83.0,9.22222222222222,9.0,0.206837928306145,0.708888888888889,80.61494530507692,WR_lgbm,1,-2.3156060854344385,0,veteran,135.8305514016934,-55.2156060966165,192.0,88.0,-104.0,True,156.77777777777774,False
Andrei Iosivas,WR,CIN,116.0,51.0,9.04,89.9,5.99333333333333,15.0,0.130157769339368,0.761764705882353,80.49817057037419,WR_lgbm,0,10.0828731123803,0,veteran,135.8305514016934,-55.33238083131923,193.0,116.0,-77.0,False,101.8866666666666,False
Caleb Douglas,WR,MIA,263.0,118.0,,,,,,,80.04922922901305,rookie_prior_ridge,0,,0,rookie,135.8305514016934,-55.78132217268036,194.0,258.0,64.0,False,,False
Isaiah Bond,WR,CLE,309.0,136.0,1.94,54.7,3.64666666666667,15.0,0.126926595537969,0.480625,79.94502659693052,WR_lgbm,1,-2.3156060854344385,0,veteran,135.8305514016934,-55.885524804762895,195.0,302.0,107.0,False,61.99333333333339,False
Jacory Croskey-Merritt,RB,WAS,154.0,40.0,8.3,140.3,8.25294117647059,17.0,0.0570578529711866,0.394705882352941,98.64557797531944,RB_ridge,0,1.05845290147838,0,veteran,156.1167596867138,-57.471181711394365,196.0,154.0,-42.0,False,140.3,False
Luke Musgrave,TE,GB,250.0,50.0,2.81,49.2,3.78461538461538,13.0,0.105895226199177,0.422777777777778,79.76549043830857,TE_gbm,0,-4.223375364931628,0,veteran,137.2432429488599,-57.47775251055131,197.0,245.0,48.0,False,64.33846153846146,False
Malik Washington,WR,MIA,161.0,67.0,7.13,110.7,6.51176470588235,17.0,0.168605159804275,0.57,78.30687759464678,WR_lgbm,0,-0.5447121886359134,0,veteran,135.8305514016934,-57.523673807046634,198.0,161.0,-37.0,False,110.69999999999996,False
Tez Johnson,WR,TB,276.0,124.0,2.64,92.4,6.16,15.0,0.134024522046808,0.470625,76.3823918516199,WR_lgbm,1,-2.3156060854344385,0,veteran,135.8305514016934,-59.44815955007351,199.0,271.0,72.0,False,104.72,False
David Montgomery,RB,HOU,42.0,17.0,12.86,166.92,9.81882352941177,17.0,0.074518226830515,0.370588235294118,96.55422619542516,RB_ridge,0,-2.5050011258412974,1,veteran,156.1167596867138,-59.56253349128865,200.0,42.0,-158.0,False,166.92000000000007,False
Darius Slayton,WR,NYG,191.0,83.0,5.55,98.8,7.05714285714286,14.0,0.192063267692916,0.812857142857143,75.50095730335319,WR_lgbm,0,-3.3189211254310966,0,veteran,135.8305514016934,-60.32959409834022,201.0,189.0,-12.0,False,119.97142857142862,False
Jake Tonges,TE,SF,200.0,36.0,4.59,93.3,9.33,10.0,0.180393182389065,0.380555555555556,76.64488910456308,TE_gbm,0,-2.673629810734993,0,veteran,137.2432429488599,-60.59835384429681,202.0,196.0,-6.0,True,158.61,False
Devin Singletary,RB,NYG,392.0,91.0,1.37,108.8,6.4,17.0,0.0865882315405909,0.276470588235294,95.41470776233145,RB_ridge,0,-3.3189211254310966,0,veteran,156.1167596867138,-60.70205192438236,203.0,379.0,176.0,False,108.80000000000001,False
Demarcus Robinson,WR,SF,315.0,138.0,1.78,58.2,4.15714285714286,14.0,0.117229795633405,0.476875,75.12058960499746,WR_lgbm,0,-2.673629810734993,0,veteran,135.8305514016934,-60.70996179669595,204.0,307.0,103.0,False,70.67142857142862,False
Audric Estime,RB,NO,379.0,87.0,1.59,48.1,9.62,5.0,0.107929174403396,,94.94206112051964,RB_ridge,1,-2.3156060854344385,0,veteran,156.1167596867138,-61.17469856619417,205.0,367.0,162.0,True,163.54,False
Brenen Thompson,WR,LAC,330.0,145.0,,,,,,,72.65813511498682,rookie_prior_ridge,0,,0,rookie,135.8305514016934,-63.17241628670659,206.0,321.0,115.0,False,,False
Tyler Shough,QB,NO,130.0,20.0,18.76,163.96,14.9054545454545,11.0,0.0,0.834545454545455,149.30304054385442,QB_ridge,1,-2.3156060854344385,0,veteran,212.80908857304937,-63.50604802919494,207.0,130.0,-77.0,True,253.3927272727265,False
Nate Boerkircher,TE,JAX,305.0,74.0,,,,,,,72.81313061967379,rookie_prior_ridge,0,,0,rookie,137.2432429488599,-64.4301123291861,208.0,298.0,90.0,False,,False
Kyle Williams,WR,NE,328.0,144.0,1.52,49.2,3.51428571428571,14.0,0.0912362912214951,0.303809523809524,71.18774527795945,WR_lgbm,1,-5.244402479179989,0,veteran,135.8305514016934,-64.64280612373396,209.0,319.0,110.0,False,59.74285714285707,False
Oscar Delp,TE,NO,256.0,54.0,,,,,,,71.93731336298224,rookie_prior_ridge,0,,0,rookie,137.2432429488599,-65.30592958587765,210.0,251.0,41.0,False,,False
Tommy Tremble,TE,CAR,274.0,60.0,2.14,63.9,4.26,15.0,0.133791833653352,0.612777777777778,71.22115099945874,TE_gbm,0,-0.9174934729566496,0,veteran,137.2432429488599,-66.02209194940114,211.0,269.0,58.0,False,72.42,False
Jalen Coker,WR,CAR,97.0,45.0,9.95,90.4,8.21818181818182,11.0,0.211842730357665,0.709166666666667,69.766385613228,WR_lgbm,0,-0.9174934729566496,0,veteran,135.8305514016934,-66.06416578846542,212.0,97.0,-115.0,True,139.70909090909095,False
Elijah Sarratt,WR,BAL,206.0,92.0,,,,,,,69.72932313174461,rookie_prior_ridge,0,,0,rookie,135.8305514016934,-66.1012282699488,213.0,202.0,-11.0,False,,False
Bhayshul Tuten,RB,JAX,115.0,32.0,9.95,88.6,5.90666666666667,15.0,0.0517685361093856,0.21625,89.91665151343784,RB_ridge,1,-2.3156060854344385,0,veteran,156.1167596867138,-66.20010817327596,214.0,115.0,-99.0,False,100.41333333333338,False
Adam Trautman,TE,DEN,286.0,67.0,1.9,45.5,3.5,13.0,0.0653501961742014,0.57,70.93935950780462,TE_gbm,0,1.6623237357923664,0,veteran,137.2432429488599,-66.30388344105526,215.0,281.0,66.0,False,59.5,False
Isaac TeSlaa,WR,DET,173.0,72.0,6.27,75.9,5.42142857142857,14.0,0.0876669803389976,0.396470588235294,69.11815507372675,WR_lgbm,1,-2.3156060854344385,0,veteran,135.8305514016934,-66.71239632796666,216.0,171.0,-45.0,False,92.16428571428568,False
Elijah Arroyo,TE,SEA,210.0,39.0,4.26,36.9,2.83846153846154,13.0,0.104336656963873,0.385714285714286,69.72629934824843,TE_gbm,1,-2.673629810734993,0,veteran,137.2432429488599,-67.51694360061146,217.0,206.0,-11.0,False,48.253846153846176,False
Skyler Bell,WR,BUF,209.0,94.0,,,,,,,68.23156806500998,rookie_prior_ridge,0,,0,rookie,135.8305514016934,-67.59898333668343,218.0,205.0,-13.0,False,,False
Jonah Coleman,RB,DEN,277.0,62.0,,,,,,,88.46447735821155,rookie_prior_ridge,0,,0,rookie,156.1167596867138,-67.65228232850225,219.0,272.0,53.0,False,,False
Jordan Mason,RB,MIN,152.0,39.0,8.33,128.9,8.05625,16.0,0.0839130147341783,0.4275,88.17681629275448,RB_ridge,0,2.6816146451914005,0,veteran,156.1167596867138,-67.93994339395933,220.0,152.0,-68.0,False,136.95625,False
Zavion Thomas,WR,CHI,237.0,109.0,,,,,,,67.77060339984752,rookie_prior_ridge,0,,0,rookie,135.8305514016934,-68.0599480018459,221.0,232.0,11.0,False,,False
Bryce Lance,WR,NO,322.0,142.0,,,,,,,67.76640553554441,rookie_prior_ridge,0,,0,rookie,135.8305514016934,-68.064145866149,222.0,313.0,91.0,False,,False
Rashid Shaheed,WR,SEA,136.0,58.0,8.37,144.6,8.03333333333333,18.0,0.135177473967109,0.489166666666667,67.74804384394041,WR_lgbm,1,-2.673629810734993,0,veteran,135.8305514016934,-68.082507557753,223.0,136.0,-87.0,False,136.5666666666666,False
Devin Neal,RB,NO,316.0,72.0,2.58,60.0,6.66666666666667,9.0,0.108122070705816,0.444444444444444,87.89141179611654,RB_ridge,1,-2.3156060854344385,0,veteran,156.1167596867138,-68.22534789059726,224.0,308.0,84.0,True,113.33333333333339,False
Jack Bech,WR,LV,180.0,75.0,6.13,42.4,3.02857142857143,14.0,0.128411730127049,0.424,67.34800693386705,WR_lgbm,1,-2.3156060854344385,0,veteran,135.8305514016934,-68.48254446782636,225.0,178.0,-47.0,False,51.48571428571431,False
Jaylin Lane,WR,WAS,222.0,102.0,4.51,37.2,2.48,15.0,0.128921635610548,0.362,65.91949974400785,WR_lgbm,0,1.05845290147838,0,veteran,135.8305514016934,-69.91105165768556,226.0,218.0,-8.0,False,42.16,False
Michael Carter,RB,TEN,447.0,116.0,0.24,99.0,7.61538461538462,13.0,0.118596058629734,0.452307692307692,85.75361099282655,RB_ridge,0,-6.68407505908549,1,veteran,156.1167596867138,-70.36314869388725,227.0,429.0,202.0,False,129.46153846153854,False
Jaylin Noel,WR,HOU,212.0,96.0,4.78,68.4,4.02352941176471,17.0,0.106216523854193,0.241578947368421,64.54510322090367,WR_lgbm,0,-2.5050011258412974,0,veteran,135.8305514016934,-71.28544818078974,228.0,208.0,-20.0,False,68.40000000000008,False
Darnell Mooney,WR,NYG,183.0,78.0,5.91,82.3,5.48666666666667,15.0,0.197966321924347,0.819333333333333,64.31886839941612,WR_lgbm,0,-3.3189211254310966,1,veteran,135.8305514016934,-71.5116830022773,229.0,181.0,-48.0,False,93.27333333333338,False
Calvin Austin,WR,NYG,273.0,123.0,2.74,86.2,6.15714285714286,14.0,0.171500094698985,0.54,64.30582849458179,WR_lgbm,0,-3.3189211254310966,1,veteran,135.8305514016934,-71.52472290711162,230.0,268.0,38.0,False,104.67142857142862,False
James Conner,RB,ARI,329.0,77.0,2.32,33.3,11.1,3.0,0.118034708136128,0.5,83.86772632880887,RB_ridge,0,-4.450844670721244,0,veteran,156.1167596867138,-72.24903335790493,231.0,320.0,89.0,True,188.7,False
Noah Fant,TE,NO,240.0,48.0,3.35,74.8,5.75384615384615,13.0,0.118536549863316,0.379333333333333,64.96385801903665,TE_gbm,1,-2.3156060854344385,1,veteran,137.2432429488599,-72.27938492982324,232.0,235.0,3.0,False,97.81538461538456,False
Devaughn Vele,WR,NO,182.0,77.0,5.96,66.3,7.36666666666667,9.0,0.167572743384924,0.501538461538462,63.09117461577976,WR_lgbm,1,-2.3156060854344385,0,veteran,135.8305514016934,-72.73937678591366,233.0,180.0,-53.0,True,125.23333333333339,False
Brock Purdy,QB,SF,72.0,8.0,21.29,187.38,20.82,9.0,0.0,0.968181818181818,139.00041760633198,QB_ridge,0,-2.673629810734993,0,veteran,212.80908857304937,-73.80867096671739,234.0,72.0,-162.0,True,353.94,False
Jalen Nailor,WR,LV,124.0,55.0,8.79,100.7,5.92352941176471,17.0,0.144156956692441,0.653529411764706,61.771795532016704,WR_lgbm,1,-2.3156060854344385,1,veteran,135.8305514016934,-74.0587558696767,235.0,124.0,-111.0,False,100.70000000000006,False
Austin Hooper,TE,ATL,238.0,47.0,3.38,59.3,4.56153846153846,13.0,0.0840030570764776,0.489,63.12545149540546,TE_gbm,0,-6.60259853246614,1,veteran,137.2432429488599,-74.11779145345443,236.0,233.0,-3.0,False,77.54615384615383,False
Max Klare,TE,LAR,214.0,41.0,,,,,,,62.584914186706406,rookie_prior_ridge,0,,0,rookie,137.2432429488599,-74.65832876215347,237.0,210.0,-27.0,False,,False
KaVontae Turpin,WR,DAL,224.0,104.0,4.45,84.5,5.63333333333333,15.0,0.0834253558145653,0.354666666666667,61.01824000060738,WR_lgbm,1,-2.3156060854344385,0,veteran,135.8305514016934,-74.81231140108603,238.0,220.0,-18.0,False,95.76666666666661,False
Jordan Whittington,WR,LAR,383.0,159.0,0.75,36.3,2.42,15.0,0.0828444329860585,0.421666666666667,60.99755577821805,WR_lgbm,1,-3.204847043487389,0,veteran,135.8305514016934,-74.83299562347537,239.0,371.0,132.0,False,41.14,False
Jahan Dotson,WR,ATL,266.0,120.0,2.84,50.2,3.34666666666667,15.0,0.118639801671461,0.566111111111111,60.95693681163748,WR_lgbm,0,-6.60259853246614,1,veteran,135.8305514016934,-74.87361459005592,240.0,261.0,21.0,False,56.89333333333339,False
Geno Smith,QB,NYJ,160.0,26.0,17.42,190.9,12.7266666666667,15.0,0.0,0.964666666666667,137.61370847613463,QB_ridge,1,-2.3156060854344385,1,veteran,212.80908857304937,-75.19538009691473,241.0,160.0,-81.0,False,216.3533333333339,False
Tyrell Shavers,WR,BUF,336.0,148.0,1.42,45.5,4.13636363636364,11.0,0.113930661930662,0.403888888888889,60.32541496963789,WR_lgbm,0,-1.7945790111540487,0,veteran,135.8305514016934,-75.50513643205552,242.0,325.0,83.0,True,70.31818181818188,False
Kevin Coleman,WR,MIA,265.0,119.0,,,,,,,60.21502432550543,rookie_prior_ridge,0,,0,rookie,135.8305514016934,-75.61552707618799,243.0,260.0,17.0,False,,False
Tyler Allgeier,RB,ARI,208.0,48.0,5.66,123.0,7.23529411764706,17.0,0.0583335596576187,0.302352941176471,80.44775664757923,RB_ridge,0,-4.450844670721244,1,veteran,156.1167596867138,-75.66900303913458,244.0,204.0,-40.0,False,123.00000000000001,False
Jalen McMillan,WR,TB,165.0,68.0,6.85,29.9,7.475,4.0,0.158090909090909,0.515,60.14934877486533,WR_lgbm,1,-2.3156060854344385,0,veteran,135.8305514016934,-75.68120262682808,245.0,165.0,-80.0,True,127.07499999999999,False
Marlin Klein,TE,HOU,291.0,70.0,,,,,,,60.83139287830118,rookie_prior_ridge,0,,0,rookie,137.2432429488599,-76.4118500705587,246.0,286.0,40.0,False,,False
Van Jefferson,WR,WAS,296.0,129.0,2.21,70.0,5.0,14.0,0.155157057569823,0.585625,59.160785081285226,WR_lgbm,0,1.05845290147838,1,veteran,135.8305514016934,-76.66976632040819,247.0,291.0,44.0,False,85.0,False
Isaiah Williams,WR,NYJ,331.0,146.0,1.5,46.7,3.11333333333333,15.0,0.182319335186389,0.492727272727273,58.14398847613626,WR_lgbm,1,-2.3156060854344385,0,veteran,135.8305514016934,-77.68656292555715,248.0,322.0,74.0,False,52.92666666666661,False
Darnell Washington,TE,PIT,197.0,34.0,4.8,73.4,5.64615384615385,13.0,0.1394351098703,0.5725,59.46106400861431,TE_gbm,0,-6.551421263838917,0,veteran,137.2432429488599,-77.78217894024559,249.0,193.0,-56.0,False,95.98461538461545,False
Gunnar Helm,TE,TEN,129.0,21.0,7.97,91.7,5.73125,16.0,0.130797091255355,0.525625,59.21242954111384,TE_gbm,0,-6.68407505908549,0,veteran,137.2432429488599,-78.03081340774605,250.0,129.0,-121.0,False,97.43125,False
Sam Roush,TE,CHI,284.0,66.0,,,,,,,58.0929089378965,rookie_prior_ridge,0,,0,rookie,137.2432429488599,-79.15033401096338,251.0,279.0,28.0,False,,False
Tory Horton,WR,SEA,181.0,76.0,6.07,59.1,7.3875,8.0,0.135875745282439,0.48125,56.19197607668149,WR_lgbm,1,-2.673629810734993,0,veteran,135.8305514016934,-79.63857532501191,252.0,179.0,-73.0,True,125.5875,False
Xavier Smith,WR,LAR,355.0,153.0,1.05,48.3,3.01875,16.0,0.0972232038013189,0.239411764705882,56.0690384570221,WR_lgbm,1,-3.204847043487389,0,veteran,135.8305514016934,-79.76151294467131,253.0,344.0,91.0,False,51.318749999999994,False
Michael Penix,QB,ATL,454.0,34.0,6.77,123.28,13.6977777777778,9.0,0.0,0.932222222222222,132.7028692462615,QB_ridge,0,-6.60259853246614,0,veteran,212.80908857304937,-80.10621932678785,254.0,434.0,180.0,True,232.86222222222258,False
Kendre Miller,RB,NO,441.0,110.0,0.31,33.3,4.75714285714286,7.0,0.0395384686586612,0.242857142857143,75.91700365431342,RB_ridge,1,-2.3156060854344385,0,veteran,156.1167596867138,-80.19975603240039,255.0,423.0,168.0,True,80.87142857142862,False
Davis Allen,TE,LAR,343.0,83.0,0.76,62.8,4.18666666666667,15.0,0.0830261361353049,0.486,56.88069159648022,TE_gbm,1,-3.204847043487389,0,veteran,137.2432429488599,-80.36255135237967,256.0,332.0,76.0,False,71.17333333333339,False
Theo Wease,WR,MIA,247.0,112.0,3.46,25.9,8.63333333333333,3.0,0.163884535005225,0.323333333333333,55.27290441912744,WR_lgbm,0,-0.5447121886359134,0,veteran,135.8305514016934,-80.55764698256597,257.0,242.0,-15.0,True,146.7666666666666,False
Isaiah Davis,RB,NYJ,233.0,51.0,5.06,71.2,4.45,16.0,0.108822686968865,0.28,75.50071479236281,RB_ridge,1,-2.3156060854344385,0,veteran,156.1167596867138,-80.61604489435099,258.0,228.0,-30.0,False,75.65,False
Dont'e Thornton,WR,LV,307.0,134.0,2.0,23.5,2.13636363636364,11.0,0.111233445448676,0.453333333333333,55.12540999084917,WR_lgbm,1,-2.3156060854344385,0,veteran,135.8305514016934,-80.70514141084425,259.0,300.0,41.0,True,36.31818181818188,False
Justice Hill,RB,BAL,270.0,60.0,3.57,65.2,6.52,10.0,0.146116801666001,0.371,75.13653586239806,RB_ridge,0,0.4558089730608386,0,veteran,156.1167596867138,-80.98022382431574,260.0,265.0,5.0,True,110.83999999999999,False
Greg Dulcich,TE,MIA,167.0,29.0,6.01,62.8,6.97777777777778,9.0,0.170708277291349,0.422,56.17199490969481,TE_gbm,0,-0.5447121886359134,0,veteran,137.2432429488599,-81.07124803916508,261.0,166.0,-95.0,True,118.62222222222225,False
Dontayvion Wicks,WR,PHI,218.0,98.0,4.6,75.8,5.83076923076923,13.0,0.168805019734555,0.446428571428571,54.681922653747584,WR_lgbm,1,-2.3156060854344385,1,veteran,135.8305514016934,-81.14862874794582,262.0,214.0,-48.0,False,99.12307692307691,False
Will Kacmarek,TE,MIA,227.0,44.0,,,,,,,56.06551522383028,rookie_prior_ridge,0,,0,rookie,137.2432429488599,-81.1777277250296,263.0,222.0,-41.0,False,,False
John Metchie,WR,CAR,249.0,114.0,3.41,71.9,5.53076923076923,13.0,0.200942289223404,0.761111111111111,54.63859665327724,WR_lgbm,0,-0.9174934729566496,1,veteran,135.8305514016934,-81.19195474841618,264.0,244.0,-20.0,False,94.0230769230769,False
Christian Kirk,WR,SF,220.0,100.0,4.58,57.9,5.26363636363636,11.0,0.177625280867549,0.504666666666667,54.4191850858286,WR_lgbm,0,-2.673629810734993,1,veteran,135.8305514016934,-81.41136631586481,265.0,216.0,-49.0,True,89.48181818181813,False
Jeremy Ruckert,TE,NYJ,342.0,82.0,0.76,46.9,3.35,14.0,0.0978636458442452,0.471764705882353,55.627801623066105,TE_gbm,1,-2.3156060854344385,0,veteran,137.2432429488599,-81.61544132579378,266.0,331.0,65.0,False,56.95,False
Jawhar Jordan,RB,HOU,339.0,81.0,2.2,29.7,7.425,4.0,0.127020038784745,0.3,74.44925451882527,RB_ridge,0,-2.5050011258412974,0,veteran,156.1167596867138,-81.66750516788854,267.0,328.0,61.0,True,126.225,False
Eli Raridon,TE,NE,264.0,57.0,,,,,,,55.35578453234436,rookie_prior_ridge,0,,0,rookie,137.2432429488599,-81.88745841651553,268.0,259.0,-9.0,False,,False
Jaylen Wright,RB,MIA,278.0,63.0,3.43,48.2,5.35555555555556,9.0,0.0898519672466033,0.215,74.07273540697075,RB_ridge,0,-0.5447121886359134,0,veteran,156.1167596867138,-82.04402427974306,269.0,273.0,4.0,True,91.04444444444451,False
Dyami Brown,WR,WAS,404.0,168.0,0.38,49.7,4.51818181818182,11.0,0.139605166952849,0.366428571428571,53.19539348475882,WR_lgbm,0,1.05845290147838,1,veteran,135.8305514016934,-82.63515791693459,270.0,391.0,121.0,True,76.80909090909094,False
Kendrick Bourne,WR,ARI,187.0,79.0,5.75,92.1,6.57857142857143,14.0,0.15539974644867,0.546666666666667,53.00835112488362,WR_lgbm,0,-4.450844670721244,1,veteran,135.8305514016934,-82.8222002768098,271.0,185.0,-86.0,False,111.83571428571432,False
Reggie Virgil,WR,ARI,407.0,169.0,,,,,,,52.69636247411961,rookie_prior_ridge,0,,0,rookie,135.8305514016934,-83.1341889275738,272.0,394.0,122.0,False,,False
Josh Oliver,TE,MIN,269.0,58.0,2.21,55.0,4.58333333333333,12.0,0.0798904897580695,0.458,54.09623141821035,TE_gbm,0,2.6816146451914005,0,veteran,137.2432429488599,-83.14701153064954,273.0,264.0,-9.0,False,77.91666666666661,False
Tank Bigsby,RB,PHI,252.0,57.0,4.16,53.8,3.58666666666667,15.0,0.0434750316463871,0.170833333333333,72.73938039835743,RB_ridge,1,-2.3156060854344385,0,veteran,156.1167596867138,-83.37737928835638,274.0,247.0,-27.0,False,60.97333333333339,False
Jackson Hawes,TE,BUF,281.0,64.0,2.02,52.7,4.05384615384615,13.0,0.0684471368109812,0.427894736842105,53.69727007644692,TE_gbm,0,-1.7945790111540487,0,veteran,137.2432429488599,-83.54597287241296,275.0,276.0,1.0,False,68.91538461538455,False
Phil Mafah,RB,DAL,428.0,103.0,0.92,10.9,10.9,1.0,0.0869565217391304,0.18,72.44593797280041,RB_ridge,1,-2.3156060854344385,0,veteran,156.1167596867138,-83.6708217139134,276.0,413.0,137.0,True,185.3,False
Tyler Higbee,TE,LAR,280.0,63.0,2.05,71.1,7.11,10.0,0.123765698624513,0.489230769230769,53.17966585310265,TE_gbm,1,-3.204847043487389,0,veteran,137.2432429488599,-84.06357709575724,277.0,275.0,-2.0,True,120.87,False
Elijah Higgins,TE,ARI,255.0,53.0,2.69,58.1,3.41764705882353,17.0,0.115168963732221,0.425294117647059,52.39814425134272,TE_gbm,0,-4.450844670721244,0,veteran,137.2432429488599,-84.84509869751716,278.0,250.0,-28.0,False,58.100000000000016,False
Olamide Zaccheaus,WR,ATL,170.0,71.0,6.46,84.8,6.05714285714286,14.0,0.161042990089102,0.502777777777778,50.77509034997985,WR_lgbm,0,-6.60259853246614,1,veteran,135.8305514016934,-85.05546105171356,279.0,168.0,-111.0,False,102.97142857142862,False
Ja'Tavion Sanders,TE,CAR,217.0,43.0,4.11,54.0,4.5,12.0,0.127920729444914,0.483076923076923,52.07498677018451,TE_gbm,0,-0.9174934729566496,0,veteran,137.2432429488599,-85.16825617867538,280.0,213.0,-67.0,False,76.5,False
Ty Johnson,RB,BUF,257.0,59.0,3.93,100.3,5.9,17.0,0.106126665324623,0.295882352941176,70.90631047473767,RB_ridge,0,-1.7945790111540487,0,veteran,156.1167596867138,-85.21044921197614,281.0,252.0,-29.0,False,100.30000000000001,False
Treylon Burks,WR,WAS,306.0,133.0,2.01,29.0,3.625,8.0,0.154311225722709,0.60125,50.40402862362102,WR_lgbm,0,1.05845290147838,0,veteran,135.8305514016934,-85.42652277807238,282.0,299.0,17.0,True,61.625,False
Luke McCaffrey,WR,WAS,394.0,161.0,0.54,51.3,5.7,9.0,0.102974131213963,0.35625,50.01617688554854,WR_lgbm,0,1.05845290147838,0,veteran,135.8305514016934,-85.81437451614488,283.0,381.0,98.0,True,96.9,False
Tua Tagovailoa,QB,ATL,360.0,31.0,11.25,175.7,12.55,14.0,0.0,0.954285714285714,126.9237352432628,QB_ridge,0,-6.60259853246614,1,veteran,212.80908857304937,-85.88535332978657,284.0,349.0,65.0,False,213.35000000000002,False
Tutu Atwell,WR,MIA,261.0,116.0,2.99,31.2,3.9,8.0,0.061425172125973,0.271818181818182,49.642935141901205,WR_lgbm,0,-0.5447121886359134,1,veteran,135.8305514016934,-86.18761625979221,285.0,256.0,-29.0,True,66.3,False
Isiah Pacheco,RB,DET,239.0,54.0,4.72,87.3,6.71538461538462,13.0,0.14141676088404,0.516923076923077,69.89026864630777,RB_ridge,1,-2.3156060854344385,1,veteran,156.1167596867138,-86.22649104040603,286.0,234.0,-52.0,False,114.16153846153854,False
Luke Schoonmaker,TE,DAL,282.0,65.0,2.0,27.2,1.94285714285714,14.0,0.0516452324744366,0.329411764705882,50.65423763965999,TE_gbm,1,-2.3156060854344385,0,veteran,137.2432429488599,-86.5890053091999,287.0,277.0,-10.0,False,33.02857142857138,False
Roman Wilson,WR,PIT,349.0,151.0,1.15,38.6,4.28888888888889,9.0,0.0940666468663847,0.330769230769231,48.77761827712107,WR_lgbm,0,-6.551421263838917,0,veteran,135.8305514016934,-87.05293312457235,288.0,338.0,50.0,True,72.91111111111113,False
Jalen Tolbert,WR,MIA,216.0,97.0,4.71,46.3,3.85833333333333,12.0,0.128226641318395,0.513076923076923,46.99041351062675,WR_lgbm,0,-0.5447121886359134,1,veteran,135.8305514016934,-88.84013789106666,289.0,212.0,-77.0,False,65.59166666666661,False
Cyrus Allen,WR,KC,308.0,135.0,,,,,,,46.59257373675314,rookie_prior_ridge,0,,0,rookie,135.8305514016934,-89.23797766494027,290.0,301.0,11.0,False,,False
Brashard Smith,RB,KC,403.0,95.0,1.2,63.3,3.72352941176471,17.0,0.115616734847325,0.167058823529412,66.65664237976557,RB_ridge,0,5.300602599522808,0,veteran,156.1167596867138,-89.46011730694823,291.0,390.0,99.0,False,63.30000000000007,False
Kevin Austin,WR,NO,348.0,150.0,1.21,33.0,6.6,5.0,0.18828739502653,0.4425,46.33452211394837,WR_lgbm,1,-2.3156060854344385,0,veteran,135.8305514016934,-89.49602928774505,292.0,337.0,45.0,True,112.19999999999999,False
Konata Mumpfield,WR,LAR,298.0,130.0,2.19,25.2,2.52,10.0,0.099975122180135,0.315,45.74291206308397,WR_lgbm,1,-3.204847043487389,0,veteran,135.8305514016934,-90.08763933860945,293.0,292.0,-1.0,True,42.84,False
Justin Fields,QB,KC,457.0,37.0,0.64,143.66,15.9622222222222,9.0,0.0384615384615385,0.897777777777778,122.25936539481712,QB_ridge,0,5.300602599522808,1,veteran,212.80908857304937,-90.54972317823224,294.0,437.0,143.0,True,271.3577777777774,False
Ray Davis,RB,BUF,242.0,55.0,4.49,58.1,3.41764705882353,17.0,0.0597037208631412,0.163157894736842,65.27639392810816,RB_ridge,0,-1.7945790111540487,0,veteran,156.1167596867138,-90.84036575860564,295.0,237.0,-58.0,False,58.100000000000016,False
David Sills,WR,TB,321.0,141.0,1.61,49.1,4.09166666666667,12.0,0.151228635188004,0.603571428571429,44.87704294740067,WR_lgbm,1,-2.3156060854344385,1,veteran,135.8305514016934,-90.95350845429275,296.0,312.0,16.0,False,69.5583333333334,False
Kyler Murray,QB,MIN,145.0,23.0,18.11,80.78,16.156,5.0,0.0,0.988,121.19801801091629,QB_ridge,0,2.6816146451914005,1,veteran,212.80908857304937,-91.61107056213308,297.0,145.0,-152.0,True,274.652,False
Braelon Allen,RB,NYJ,234.0,52.0,5.0,15.3,3.825,4.0,0.053968253968254,0.2325,64.39339161081426,RB_ridge,1,-2.3156060854344385,0,veteran,156.1167596867138,-91.72336807589954,298.0,229.0,-69.0,True,65.025,False
Samaje Perine,RB,CIN,226.0,49.0,5.25,77.9,5.19333333333333,15.0,0.0696577861060772,,63.83237184652387,RB_ridge,0,10.0828731123803,0,veteran,156.1167596867138,-92.28438784018994,299.0,221.0,-78.0,False,88.2866666666666,False
Brock Wright,TE,DET,245.0,49.0,2.99,36.8,4.6,8.0,0.13069786414323,0.576363636363636,44.49160156134766,TE_gbm,1,-2.3156060854344385,0,veteran,137.2432429488599,-92.75164138751222,300.0,240.0,-60.0,True,78.19999999999999,False
Kalif Raymond,WR,CHI,236.0,108.0,4.05,60.8,4.05333333333333,15.0,0.0878629368883452,0.366,42.67072363335123,WR_lgbm,1,-4.79011169771107,1,veteran,135.8305514016934,-93.15982776834218,301.0,231.0,-70.0,False,68.90666666666661,False
Daniel Bellinger,TE,TEN,254.0,52.0,2.73,59.6,4.58461538461538,13.0,0.0850793024372171,0.499375,43.94643177579971,TE_gbm,0,-6.68407505908549,1,veteran,137.2432429488599,-93.29681117306018,302.0,249.0,-53.0,False,77.93846153846145,False
Jeremy McNichols,RB,WAS,405.0,96.0,1.18,72.7,4.54375,16.0,0.12301762689683,0.319411764705882,62.69359975606032,RB_ridge,0,1.05845290147838,0,veteran,156.1167596867138,-93.42315993065348,303.0,392.0,89.0,False,77.24375,False
Lil'Jordan Humphrey,WR,DEN,375.0,155.0,0.8,34.6,4.94285714285714,7.0,0.107150410432162,0.432222222222222,41.94919221661031,WR_lgbm,0,1.6623237357923664,0,veteran,135.8305514016934,-93.88135918508311,304.0,363.0,59.0,True,84.02857142857138,False
Chris Rodriguez,RB,JAX,155.0,41.0,8.21,92.0,7.66666666666667,12.0,0.0398341399475701,0.312307692307692,62.19480955333368,RB_ridge,1,-2.3156060854344385,1,veteran,156.1167596867138,-93.92195013338014,305.0,155.0,-150.0,False,130.33333333333337,False
Greg Dortch,WR,DET,325.0,143.0,1.54,75.1,6.25833333333333,12.0,0.115476189592514,0.335833333333333,41.80723596677355,WR_lgbm,1,-2.3156060854344385,1,veteran,135.8305514016934,-94.02331543491987,306.0,316.0,10.0,False,106.39166666666661,False
Drew Sample,TE,CIN,289.0,68.0,1.86,31.9,2.65833333333333,12.0,0.0617632361597077,0.535882352941176,42.881164361322575,TE_gbm,0,10.0828731123803,0,veteran,137.2432429488599,-94.36207858753731,307.0,284.0,-23.0,False,45.19166666666661,False
Tyler Johnson,WR,DAL,422.0,181.0,0.19,37.7,4.18888888888889,9.0,0.101831381379531,0.41,41.29594848947316,WR_lgbm,1,-2.3156060854344385,1,veteran,135.8305514016934,-94.53460291222025,308.0,407.0,99.0,True,71.21111111111114,False
Josh Cameron,WR,JAX,268.0,122.0,,,,,,,41.13966267808446,rookie_prior_ridge,0,,0,rookie,135.8305514016934,-94.69088872360895,309.0,263.0,-46.0,False,,False
Mo Alie-Cox,TE,IND,332.0,79.0,0.93,30.7,2.79090909090909,11.0,0.0716043796612484,0.390588235294118,42.31476594305431,TE_gbm,0,-5.206003754852174,0,veteran,137.2432429488599,-94.92847700580558,310.0,323.0,13.0,True,47.44545454545453,False
Jaydon Blue,RB,DAL,311.0,71.0,2.64,20.4,4.08,5.0,0.0333333333333333,0.256,60.850255275804855,RB_ridge,1,-2.3156060854344385,0,veteran,156.1167596867138,-95.26650441090895,311.0,304.0,-7.0,True,69.36,False
Nicholas Singleton,RB,TEN,310.0,70.0,,,,,,,60.70660501360638,rookie_prior_ridge,0,,0,rookie,156.1167596867138,-95.41015467310743,312.0,303.0,-9.0,False,,False
Barion Brown,WR,NO,340.0,149.0,,,,,,,39.91665546750326,rookie_prior_ridge,0,,0,rookie,135.8305514016934,-95.91389593419015,313.0,329.0,16.0,False,,False
Isaiah Hodgins,WR,NYG,376.0,156.0,0.8,27.5,4.58333333333333,6.0,0.142942718527217,0.762857142857143,39.88917425675863,WR_lgbm,0,-3.3189211254310966,0,veteran,135.8305514016934,-95.94137714493479,314.0,364.0,50.0,True,77.91666666666661,False
Jalen Royals,WR,KC,285.0,126.0,2.46,2.4,1.2,2.0,0.1,0.19,39.6079209891883,WR_lgbm,0,5.300602599522808,0,veteran,135.8305514016934,-96.22263041250511,315.0,280.0,-35.0,True,20.4,False
Jimmy Horn,WR,CAR,333.0,147.0,1.43,28.7,2.87,10.0,0.0779882957345734,0.198571428571429,39.52046355691728,WR_lgbm,0,-0.9174934729566496,0,veteran,135.8305514016934,-96.31008784477613,316.0,324.0,8.0,True,48.79,False
Devontez Walker,WR,BAL,377.0,157.0,0.79,37.6,4.7,8.0,0.0746498599439776,0.296,39.39168494820238,WR_lgbm,0,0.4558089730608386,0,veteran,135.8305514016934,-96.43886645349103,317.0,365.0,48.0,True,79.9,False
Tai Felton,WR,MIN,320.0,140.0,1.65,5.5,0.458333333333333,12.0,0.0428743961352657,0.125,39.14931352920264,WR_lgbm,0,2.6816146451914005,0,veteran,135.8305514016934,-96.68123787249078,318.0,311.0,-7.0,False,7.791666666666661,False
Sean Tucker,RB,TB,235.0,53.0,4.95,91.4,5.37647058823529,17.0,0.0631073577048991,0.179333333333333,59.22020178429264,RB_ridge,1,-2.3156060854344385,0,veteran,156.1167596867138,-96.89655790242116,319.0,230.0,-89.0,False,91.39999999999993,False
Isaiah Likely,TE,NYG,108.0,14.0,8.87,61.7,5.14166666666667,12.0,0.150280614880999,0.559285714285714,39.86970124701604,TE_gbm,0,-3.3189211254310966,1,veteran,137.2432429488599,-97.37354170184385,320.0,108.0,-212.0,False,87.40833333333339,False
Gage Larvadain,WR,CLE,430.0,186.0,0.09,12.4,0.953846153846154,13.0,0.0833185540646711,0.236153846153846,38.191784715082406,WR_lgbm,1,-2.3156060854344385,0,veteran,135.8305514016934,-97.638766686611,321.0,415.0,94.0,False,16.215384615384618,False
Marquez Valdes-Scantling,WR,DAL,354.0,152.0,1.09,32.0,3.55555555555556,9.0,0.169748436089692,0.581666666666667,37.682550330635294,WR_lgbm,1,-2.3156060854344385,1,veteran,135.8305514016934,-98.14800107105812,322.0,343.0,21.0,True,60.444444444444514,False
Charlie Kolar,TE,LAC,258.0,55.0,2.56,36.2,2.78461538461538,13.0,0.0645693111236589,0.403529411764706,38.83110199697007,TE_gbm,0,-5.848188465752081,1,veteran,137.2432429488599,-98.41214095188982,323.0,253.0,-70.0,False,47.33846153846146,False
Ollie Gordon,RB,MIA,303.0,69.0,2.88,54.1,3.18235294117647,17.0,0.0417672735459474,0.224117647058824,57.48441795396915,RB_ridge,0,-0.5447121886359134,0,veteran,156.1167596867138,-98.63234173274466,324.0,296.0,-28.0,False,54.09999999999999,False
Tanner Hudson,TE,CIN,351.0,88.0,0.58,47.8,4.78,10.0,0.0859118126848203,0.17,38.13743279202978,TE_gbm,0,10.0828731123803,0,veteran,137.2432429488599,-99.1058101568301,325.0,340.0,15.0,True,81.26,False
Zavier Scott,RB,MIN,439.0,108.0,0.41,39.2,3.56363636363636,11.0,0.117411383593917,0.181111111111111,56.93735306556233,RB_ridge,0,2.6816146451914005,0,veteran,156.1167596867138,-99.17940662115149,326.0,422.0,96.0,True,60.58181818181812,False
Noah Gray,TE,KC,175.0,31.0,5.67,38.8,2.77142857142857,14.0,0.119658183461466,0.52125,37.878384921426345,TE_gbm,0,5.300602599522808,0,veteran,137.2432429488599,-99.36485802743354,327.0,173.0,-154.0,False,47.11428571428569,False
Justin Joly,TE,DEN,230.0,45.0,,,,,,,37.469054799487935,rookie_prior_ridge,0,,0,rookie,137.2432429488599,-99.77418814937195,328.0,225.0,-103.0,False,,False
Arian Smith,WR,NYJ,409.0,171.0,0.31,13.5,1.03846153846154,13.0,0.0675703148744835,0.3825,35.9084620026734,WR_lgbm,1,-2.3156060854344385,0,veteran,135.8305514016934,-99.92208939902001,329.0,396.0,67.0,False,17.65384615384618,False
Malachi Corley,WR,CLE,374.0,154.0,0.82,31.6,2.63333333333333,12.0,0.0948452061594468,0.249230769230769,35.72066477866253,WR_lgbm,1,-2.3156060854344385,0,veteran,135.8305514016934,-100.10988662303089,330.0,362.0,32.0,False,44.766666666666616,False
Xavier Restrepo,WR,TEN,401.0,166.0,0.4,7.1,3.55,2.0,0.139419978517723,0.22,35.474544632198786,WR_lgbm,0,-6.68407505908549,0,veteran,135.8305514016934,-100.35600676949463,331.0,388.0,57.0,True,60.349999999999994,False
Raheim Sanders,RB,CLE,436.0,105.0,0.65,20.3,5.075,4.0,0.0646422820335864,0.2575,55.31449063539648,RB_ridge,1,-2.3156060854344385,0,veteran,156.1167596867138,-100.80226905131732,332.0,419.0,87.0,True,86.275,False
Tom Kennedy,WR,DET,427.0,184.0,0.13,7.6,1.26666666666667,6.0,0.148148148148148,0.1875,34.76724762237746,WR_lgbm,1,-2.3156060854344385,0,veteran,135.8305514016934,-101.06330377931596,333.0,412.0,79.0,True,21.53333333333339,False
Mitchell Evans,TE,CAR,271.0,59.0,2.2,48.2,3.44285714285714,14.0,0.0845421837228315,0.378888888888889,35.99231071632721,TE_gbm,0,-0.9174934729566496,0,veteran,137.2432429488599,-101.25093223253268,334.0,266.0,-68.0,False,58.52857142857138,False
Darius Cooper,WR,PHI,398.0,164.0,0.46,18.2,3.03333333333333,6.0,0.0974841292178754,0.260714285714286,34.184420444272455,WR_lgbm,1,-2.3156060854344385,0,veteran,135.8305514016934,-101.64613095742095,335.0,385.0,50.0,True,51.56666666666661,False
Kameron Johnson,WR,TB,396.0,163.0,0.5,17.7,1.04117647058824,17.0,0.11066032479726,0.117857142857143,33.40942406266735,WR_lgbm,1,-2.3156060854344385,0,veteran,135.8305514016934,-102.42112733902607,336.0,383.0,47.0,False,17.70000000000008,False
Rasheen Ali,RB,BAL,327.0,76.0,2.33,24.2,1.61333333333333,15.0,0.117823691460055,0.195,52.71375712311016,RB_ridge,0,0.4558089730608386,0,veteran,156.1167596867138,-103.40300256360365,337.0,318.0,-19.0,False,27.42666666666661,False
LaJohntay Wester,WR,BAL,417.0,177.0,0.23,-2.0,-0.142857142857143,14.0,0.0,0.075,31.85447386044946,WR_lgbm,0,0.4558089730608386,0,veteran,135.8305514016934,-103.97607754124395,338.0,403.0,65.0,False,-2.4285714285714306,False
Tylan Wallace,WR,CLE,395.0,162.0,0.5,14.5,1.31818181818182,11.0,0.0559199134199134,0.230714285714286,31.471948222132504,WR_lgbm,1,-2.3156060854344385,1,veteran,135.8305514016934,-104.3586031795609,339.0,382.0,43.0,True,22.40909090909094,False
Jahdae Walker,WR,CHI,283.0,125.0,2.55,26.7,4.45,6.0,0.103094606542882,0.194285714285714,31.40249216868133,WR_lgbm,1,-4.79011169771107,0,veteran,135.8305514016934,-104.42805923301208,340.0,278.0,-62.0,True,75.65,False
Skyy Moore,WR,GB,416.0,176.0,0.23,14.8,0.870588235294118,17.0,0.0325028997288077,0.1275,31.380568762570213,WR_lgbm,0,-4.223375364931628,1,veteran,135.8305514016934,-104.44998263912319,341.0,402.0,61.0,False,14.800000000000006,False
Savion Williams,WR,GB,288.0,127.0,2.43,25.5,2.125,12.0,0.059952380952381,0.115,31.272231608947017,WR_lgbm,0,-4.223375364931628,0,veteran,135.8305514016934,-104.5583197927464,342.0,283.0,-59.0,False,36.125,False
Luke Farrell,TE,SF,347.0,87.0,0.67,29.5,2.26923076923077,13.0,0.0530361225801096,0.357368421052632,31.82761766242125,TE_gbm,0,-2.673629810734993,0,veteran,137.2432429488599,-105.41562528643864,343.0,336.0,-7.0,False,38.576923076923094,False
Jordan Watkins,WR,SF,415.0,175.0,0.24,4.6,2.3,2.0,0.0575035063113604,0.1025,30.393206716839632,WR_lgbm,0,-2.673629810734993,0,veteran,135.8305514016934,-105.43734468485378,344.0,401.0,57.0,True,39.099999999999994,False
CJ Daniels,WR,LAR,302.0,132.0,,,,,,,30.333208107769885,rookie_prior_ridge,0,,0,rookie,135.8305514016934,-105.49734329392354,345.0,295.0,-50.0,False,,False
Efton Chism,WR,NE,391.0,160.0,0.57,16.5,2.0625,8.0,0.0617592592592593,0.199,30.318552055518342,WR_lgbm,1,-5.244402479179989,0,veteran,135.8305514016934,-105.51199934617507,346.0,378.0,32.0,True,35.0625,False
Ashton Dulin,WR,IND,414.0,174.0,0.25,20.0,1.66666666666667,12.0,0.102688608434576,0.213333333333333,30.26454106084256,WR_lgbm,0,-5.206003754852174,0,veteran,135.8305514016934,-105.56601034085085,347.0,400.0,53.0,False,28.333333333333393,False
Emmett Johnson,RB,KC,300.0,68.0,,,,,,,50.3251885154793,rookie_prior_ridge,0,,0,rookie,156.1167596867138,-105.79157117123451,348.0,294.0,-54.0,False,,False
Brian Robinson,RB,ATL,229.0,50.0,5.17,62.5,3.67647058823529,17.0,0.0519607857557369,0.168947368421053,50.02915107401061,RB_ridge,0,-6.60259853246614,1,veteran,156.1167596867138,-106.08760861270319,349.0,224.0,-125.0,False,62.49999999999993,False
KeAndre Lambert-Smith,WR,LAC,292.0,128.0,2.36,16.1,1.61,10.0,0.0778931528207469,0.188,29.714851438571067,WR_lgbm,0,-5.848188465752081,0,veteran,135.8305514016934,-106.11569996312235,350.0,287.0,-63.0,True,27.37,False
Kylen Granson,TE,TEN,384.0,106.0,0.17,11.0,0.916666666666667,12.0,0.109006812601584,0.225,30.789817747306387,TE_gbm,0,-6.68407505908549,1,veteran,137.2432429488599,-106.4534252015535,351.0,372.0,21.0,False,15.58333333333334,False
Will Shipley,RB,PHI,338.0,80.0,2.21,17.5,1.25,14.0,0.0581088928930101,0.119375,49.50172072084969,RB_ridge,1,-2.3156060854344385,0,veteran,156.1167596867138,-106.61503896586412,352.0,327.0,-25.0,False,21.25,False
Emanuel Wilson,RB,SEA,244.0,56.0,4.41,94.5,5.55882352941176,17.0,0.0762578597872716,0.303888888888889,49.446783308886985,RB_ridge,1,-2.673629810734993,1,veteran,156.1167596867138,-106.66997637782683,353.0,239.0,-114.0,False,94.49999999999991,False
Kaleb Johnson,RB,PIT,382.0,88.0,1.56,8.8,0.88,10.0,0.037012987012987,0.091,49.17730603825986,RB_ridge,0,-6.551421263838917,0,veteran,156.1167596867138,-106.93945364845395,354.0,370.0,16.0,True,14.96,False
Cody White,WR,SEA,410.0,172.0,0.3,18.0,2.25,8.0,0.0608695652173913,0.306666666666667,28.74802549537739,WR_lgbm,1,-2.673629810734993,0,veteran,135.8305514016934,-107.08252590631602,355.0,397.0,42.0,True,38.25,False
Cade Stover,TE,HOU,279.0,62.0,2.05,19.9,3.31666666666667,6.0,0.0923412669911269,0.469090909090909,29.66263721164157,TE_gbm,0,-2.5050011258412974,0,veteran,137.2432429488599,-107.58060573721832,356.0,274.0,-82.0,True,56.38333333333339,False
Dareke Young,WR,LV,399.0,165.0,0.44,6.8,0.85,8.0,0.0392911010558069,0.102727272727273,27.62788115463769,WR_lgbm,1,-2.3156060854344385,1,veteran,135.8305514016934,-108.20267024705572,357.0,386.0,29.0,True,14.45,False
Xavier Weaver,WR,ARI,402.0,167.0,0.4,13.7,1.95714285714286,7.0,0.0618051829446132,0.455555555555556,27.55565910782564,WR_lgbm,0,-4.450844670721244,0,veteran,135.8305514016934,-108.27489229386777,358.0,389.0,31.0,True,33.27142857142862,False
David Moore,WR,CAR,433.0,189.0,0.04,2.7,0.9,3.0,0.0416666666666667,0.3275,27.35596837961062,WR_lgbm,0,-0.9174934729566496,0,veteran,135.8305514016934,-108.4745830220828,359.0,417.0,58.0,True,15.3,False
Britain Covey,WR,PHI,432.0,188.0,0.05,4.0,0.666666666666667,6.0,0.117647058823529,0.206666666666667,27.27919362829468,WR_lgbm,1,-2.3156060854344385,0,veteran,135.8305514016934,-108.55135777339873,360.0,416.0,56.0,True,11.33333333333334,False
Nate Adkins,TE,DEN,370.0,100.0,0.32,16.8,2.8,6.0,0.055180733881562,0.331818181818182,28.66390834090083,TE_gbm,0,1.6623237357923664,0,veteran,137.2432429488599,-108.57933460795905,361.0,358.0,-3.0,True,47.599999999999994,False
Nikko Remigio,WR,KC,425.0,183.0,0.14,4.2,0.3,14.0,0.0344827586206897,0.0511111111111111,27.02052326107029,WR_lgbm,0,5.300602599522808,0,veteran,135.8305514016934,-108.81002814062312,362.0,410.0,48.0,False,5.1,False
Jake Bobo,WR,SEA,429.0,185.0,0.1,4.0,0.8,5.0,0.0512592968221771,0.180714285714286,26.89639687385909,WR_lgbm,1,-2.673629810734993,0,veteran,135.8305514016934,-108.93415452783432,363.0,414.0,51.0,True,13.600000000000001,False
DJ Giddens,RB,IND,368.0,86.0,1.71,9.6,1.92,5.0,0.0312805474095797,0.12,46.9905782906162,RB_ridge,0,-5.206003754852174,0,veteran,156.1167596867138,-109.1261813960976,364.0,356.0,-8.0,True,32.64,False
Jalen Brooks,WR,ARI,408.0,170.0,0.33,6.1,1.22,5.0,0.0735645933014354,0.346,26.29305268505118,WR_lgbm,0,-4.450844670721244,0,veteran,135.8305514016934,-109.53749871664223,365.0,395.0,30.0,True,20.74,False
John Bates,TE,WAS,275.0,61.0,2.09,27.3,2.73,10.0,0.0975926250417951,0.514,27.52798066502819,TE_gbm,0,1.05845290147838,0,veteran,137.2432429488599,-109.71526228383169,366.0,270.0,-96.0,True,46.41,False
Anthony Gould,WR,IND,424.0,182.0,0.17,2.6,0.236363636363636,11.0,0.0295138888888889,0.16,25.56496677150626,WR_lgbm,0,-5.206003754852174,0,veteran,135.8305514016934,-110.26558463018715,367.0,409.0,42.0,True,4.018181818181812,False
Malik Davis,RB,DAL,319.0,74.0,2.47,40.6,4.06,10.0,0.0736507936507936,0.207,45.83663920190685,RB_ridge,1,-2.3156060854344385,0,veteran,156.1167596867138,-110.28012048480696,368.0,310.0,-58.0,True,69.02,False
Ben Sinnott,TE,WAS,293.0,71.0,1.78,28.4,3.15555555555556,9.0,0.106824535114009,0.360625,26.644640589237746,TE_gbm,0,1.05845290147838,0,veteran,137.2432429488599,-110.59860235962213,369.0,288.0,-81.0,True,53.64444444444452,False
Tip Reiman,TE,ARI,326.0,78.0,0.97,4.8,1.6,3.0,0.0665043948613928,0.37,26.5879604471297,TE_gbm,0,-4.450844670721244,0,veteran,137.2432429488599,-110.65528250173018,370.0,317.0,-53.0,True,27.200000000000003,False
Derius Davis,WR,LAC,421.0,180.0,0.2,1.5,0.136363636363636,11.0,0.0327618288144604,0.117272727272727,25.156716694785302,WR_lgbm,0,-5.848188465752081,0,veteran,135.8305514016934,-110.67383470690811,371.0,406.0,35.0,True,2.3181818181818117,False
Nick Westbrook-Ikhine,WR,IND,159.0,66.0,7.15,19.9,1.53076923076923,13.0,0.0934397638288767,0.442,25.0861796864138,WR_lgbm,0,-5.206003754852174,1,veteran,135.8305514016934,-110.74437171527961,372.0,159.0,-213.0,False,26.02307692307691,False
Trevor Etienne,RB,CAR,362.0,85.0,1.78,11.7,0.688235294117647,17.0,0.035301653855113,0.066,45.18007823268314,RB_ridge,0,-0.9174934729566496,0,veteran,156.1167596867138,-110.93668145403066,373.0,351.0,-22.0,False,11.699999999999998,False
Trent Sherfield,WR,BUF,413.0,173.0,0.25,5.1,1.275,4.0,0.0428678678678679,0.248,24.44359563227775,WR_lgbm,0,-1.7945790111540487,1,veteran,135.8305514016934,-111.38695576941566,374.0,399.0,25.0,True,21.674999999999997,False
Devin Duvernay,WR,ARI,420.0,179.0,0.2,4.6,0.270588235294118,17.0,0.0636996336996337,0.0871428571428571,24.28392770564999,WR_lgbm,0,-4.450844670721244,1,veteran,135.8305514016934,-111.54662369604343,375.0,405.0,30.0,False,4.600000000000007,False
Chris Manhertz,TE,NYG,371.0,101.0,0.32,1.7,0.425,4.0,0.0322916666666667,0.178235294117647,25.170356097578047,TE_gbm,0,-3.3189211254310966,0,veteran,137.2432429488599,-112.07288685128184,376.0,359.0,-17.0,True,7.225,False
Brevyn Spann-Ford,TE,DAL,304.0,73.0,1.51,24.0,1.5,16.0,0.0553539926642959,0.248823529411765,24.798675171595928,TE_gbm,1,-2.3156060854344385,0,veteran,137.2432429488599,-112.44456777726396,377.0,297.0,-80.0,False,25.5,False
Tyler Badie,RB,DEN,397.0,93.0,1.31,35.4,2.2125,16.0,0.0857283424887539,0.181666666666667,43.535660425016566,RB_ridge,0,1.6623237357923664,0,veteran,156.1167596867138,-112.58109926169723,378.0,384.0,6.0,False,37.6125,False
Tyler Conklin,TE,DET,373.0,103.0,0.28,17.3,2.88333333333333,6.0,0.0570720556962817,0.25,24.173064894207528,TE_gbm,1,-2.3156060854344385,1,veteran,137.2432429488599,-113.07017805465236,379.0,361.0,-18.0,True,49.016666666666616,False
Eric Saubert,TE,SEA,361.0,93.0,0.41,9.1,1.01111111111111,9.0,0.0829004329004329,0.416428571428571,23.40871022038449,TE_gbm,1,-2.673629810734993,0,veteran,137.2432429488599,-113.8345327284754,380.0,350.0,-30.0,True,17.18888888888887,False
Shedeur Sanders,QB,CLE,452.0,32.0,7.06,94.9,11.8625,8.0,0.0,0.91625,98.143395017291,QB_ridge,1,-2.3156060854344385,0,veteran,212.80908857304937,-114.66569355575837,381.0,433.0,52.0,True,201.66250000000002,False
Lucas Krull,TE,DEN,365.0,96.0,0.4,3.5,1.75,2.0,0.0705052878965922,0.29,21.818986672604247,TE_gbm,0,1.6623237357923664,0,veteran,137.2432429488599,-115.42425627625565,382.0,354.0,-28.0,True,29.75,False
Fernando Mendoza,QB,LV,243.0,30.0,,,,,,,97.1919636890914,rookie_prior_ridge,0,,0,rookie,212.80908857304937,-115.61712488395797,383.0,238.0,-145.0,False,,False
Cameron Latu,TE,PHI,387.0,108.0,0.13,0.0,0.0,10.0,0.0,0.104375,21.41811916354222,TE_gbm,1,-2.3156060854344385,0,veteran,137.2432429488599,-115.82512378531767,384.0,374.0,-10.0,True,0.0,False
Durham Smythe,TE,BAL,345.0,85.0,0.7,6.5,0.928571428571429,7.0,0.0585425846295411,0.254736842105263,21.34825208563355,TE_gbm,0,0.4558089730608386,1,veteran,137.2432429488599,-115.89499086322634,385.0,334.0,-51.0,True,15.785714285714294,False
Grant Calcaterra,TE,PHI,290.0,69.0,1.84,22.6,2.51111111111111,9.0,0.0694017682508731,0.394375,21.160627151909463,TE_gbm,1,-2.3156060854344385,0,veteran,137.2432429488599,-116.08261579695042,386.0,285.0,-101.0,True,42.688888888888876,False
Sione Vaki,RB,DET,443.0,112.0,0.31,0.4,0.05,8.0,0.0,0.01,39.84065058609279,RB_ridge,1,-2.3156060854344385,0,veteran,156.1167596867138,-116.27610910062101,387.0,425.0,38.0,True,0.8500000000000001,False
Tanner Koziol,TE,JAX,312.0,75.0,,,,,,,20.491956174934117,rookie_prior_ridge,0,,0,rookie,137.2432429488599,-116.75128677392577,388.0,305.0,-83.0,False,,False
Foster Moreau,TE,HOU,346.0,86.0,0.68,12.9,1.84285714285714,7.0,0.0616794853137083,0.357272727272727,20.100176859314523,TE_gbm,0,-2.5050011258412974,1,veteran,137.2432429488599,-117.14306608954536,389.0,335.0,-54.0,True,31.328571428571383,False
LeQuint Allen,RB,JAX,272.0,61.0,3.55,24.8,1.55,16.0,0.0402089783912678,0.224444444444444,38.8556789436709,RB_ridge,1,-2.3156060854344385,0,veteran,156.1167596867138,-117.2610807430429,390.0,267.0,-123.0,False,26.35,False
Max Bredeson,TE,MIN,378.0,104.0,,,,,,,19.15042943301109,rookie_prior_ridge,0,,0,rookie,137.2432429488599,-118.0928135158488,391.0,366.0,-25.0,False,,False
Adam Randall,RB,BAL,426.0,102.0,,,,,,,37.872810909218686,rookie_prior_ridge,0,,0,rookie,156.1167596867138,-118.24394877749512,392.0,411.0,19.0,False,,False
Jerome Ford,RB,WAS,337.0,79.0,2.22,43.6,3.35384615384615,13.0,0.104314593669816,0.304615384615385,37.86207313751024,RB_ridge,0,1.05845290147838,1,veteran,156.1167596867138,-118.25468654920357,393.0,326.0,-67.0,False,57.01538461538455,False
Ben Yurosek,TE,MIN,380.0,105.0,0.21,3.4,0.566666666666667,6.0,0.0555555555555556,0.165833333333333,18.70555418270088,TE_gbm,0,2.6816146451914005,0,veteran,137.2432429488599,-118.53768876615901,394.0,368.0,-26.0,True,9.633333333333338,False
George Holani,RB,SEA,393.0,92.0,1.35,14.8,1.48,10.0,0.0997665732959851,0.213333333333333,37.43678325362654,RB_ridge,1,-2.673629810734993,0,veteran,156.1167596867138,-118.67997643308726,395.0,380.0,-15.0,True,25.16,False
Feleipe Franks,TE,CAR,389.0,109.0,0.08,0.4,0.04,10.0,0.0,0.0314285714285714,17.582603635798385,TE_gbm,0,-0.9174934729566496,1,veteran,137.2432429488599,-119.6606393130615,396.0,376.0,-20.0,True,0.68,False
Ian Thomas,TE,LV,372.0,102.0,0.28,24.4,2.71111111111111,9.0,0.0703614727114111,0.359333333333333,16.872541886796174,TE_gbm,1,-2.3156060854344385,0,veteran,137.2432429488599,-120.37070106206372,397.0,360.0,-37.0,True,46.08888888888887,False
Dylan Laube,RB,LV,438.0,107.0,0.44,3.7,0.217647058823529,17.0,0.0472209555656888,0.098,35.55509678352289,RB_ridge,1,-2.3156060854344385,0,veteran,156.1167596867138,-120.56166290319092,398.0,421.0,23.0,False,3.699999999999993,False
Quintin Morris,TE,JAX,356.0,90.0,0.49,17.5,1.59090909090909,11.0,0.0858641716706233,0.259230769230769,15.76988921589262,TE_gbm,1,-2.3156060854344385,0,veteran,137.2432429488599,-121.47335373296727,399.0,345.0,-54.0,True,27.04545454545453,False
Joe Royer,TE,CLE,259.0,56.0,,,,,,,15.279529419264858,rookie_prior_ridge,0,,0,rookie,137.2432429488599,-121.96371352959503,400.0,254.0,-146.0,False,,False
Kalel Mullings,RB,TEN,445.0,114.0,0.26,0.7,0.175,4.0,0.0,0.0475,33.959810688662735,RB_ridge,0,-6.68407505908549,0,veteran,156.1167596867138,-122.15694899805106,401.0,427.0,26.0,True,2.9749999999999996,False
Keaton Mitchell,RB,LAC,176.0,45.0,7.02,55.4,4.26153846153846,13.0,0.0905676328502416,0.174615384615385,33.924117960909626,RB_ridge,0,-5.848188465752081,1,veteran,156.1167596867138,-122.19264172580418,402.0,174.0,-228.0,False,72.44615384615382,False
Michael Carter,RB,TEN,447.0,116.0,0.24,99.0,7.61538461538462,13.0,0.0,,33.892427315086906,RB_ridge,0,-6.68407505908549,1,veteran,156.1167596867138,-122.2243323716269,403.0,429.0,26.0,False,129.46153846153854,False
Kaytron Allen,RB,WAS,359.0,84.0,,,,,,,33.34658435292749,rookie_prior_ridge,0,,0,rookie,156.1167596867138,-122.77017533378631,404.0,348.0,-56.0,False,,False
Josh Whyle,TE,GB,366.0,97.0,0.36,14.6,2.43333333333333,6.0,0.0474136937975695,0.392222222222222,13.85860038253128,TE_gbm,0,-4.223375364931628,0,veteran,137.2432429488599,-123.38464256632861,405.0,355.0,-50.0,True,41.36666666666661,False
Seydou Traore,TE,MIA,324.0,77.0,,,,,,,13.189792772334124,rookie_prior_ridge,0,,0,rookie,137.2432429488599,-124.05345017652576,406.0,315.0,-91.0,False,,False
Payne Durham,TE,TB,353.0,89.0,0.56,2.1,0.2625,8.0,0.0337374189118375,0.317647058823529,12.96806554511771,TE_gbm,1,-2.3156060854344385,0,veteran,137.2432429488599,-124.27517740374218,407.0,342.0,-65.0,True,4.4625,False
Chris Brooks,RB,GB,318.0,73.0,2.51,32.7,1.92352941176471,17.0,0.0745711199656157,0.204444444444444,31.75598941410044,RB_ridge,0,-4.223375364931628,0,veteran,156.1167596867138,-124.36077027261337,408.0,309.0,-99.0,False,32.70000000000007,False
Riley Nowakowski,TE,PIT,358.0,92.0,,,,,,,12.45493562285441,rookie_prior_ridge,0,,0,rookie,137.2432429488599,-124.78830732600548,409.0,347.0,-62.0,False,,False
Deion Burks,WR,IND,219.0,99.0,,,,,,,10.551279789396112,rookie_prior_ridge,0,,0,rookie,135.8305514016934,-125.2792716122973,410.0,215.0,-195.0,False,,False
Kene Nwangwu,RB,NYJ,449.0,118.0,0.12,4.9,0.49,10.0,0.0454545454545455,0.176666666666667,30.733280755497177,RB_ridge,1,-2.3156060854344385,0,veteran,156.1167596867138,-125.38347893121663,411.0,432.0,21.0,True,8.33,False
Devin Culp,TE,TB,357.0,91.0,0.48,7.6,1.9,4.0,0.03125,0.084,11.594235974969727,TE_gbm,1,-2.3156060854344385,0,veteran,137.2432429488599,-125.64900697389015,412.0,346.0,-66.0,True,32.3,False
Jaleel McLaughlin,RB,DEN,423.0,101.0,1.0,31.4,3.925,8.0,0.0514604026007239,0.159,29.95316564231983,RB_ridge,0,1.6623237357923664,0,veteran,156.1167596867138,-126.16359404439397,413.0,408.0,-5.0,True,66.725,False
Jaren Kanak,TE,TEN,314.0,76.0,,,,,,,10.93547927022172,rookie_prior_ridge,0,,0,rookie,137.2432429488599,-126.30776367863817,414.0,306.0,-108.0,False,,False
Stone Smartt,TE,PHI,364.0,95.0,0.41,12.2,2.03333333333333,6.0,0.116421568627451,0.185,9.87689680440844,TE_gbm,1,-2.3156060854344385,1,veteran,137.2432429488599,-127.36634614445144,415.0,353.0,-62.0,True,34.56666666666661,False
Ko Kieft,TE,TB,390.0,110.0,0.05,0.0,0.0,2.0,0.0,0.14,9.566496930601774,TE_gbm,1,-2.3156060854344385,0,veteran,137.2432429488599,-127.67674601825811,416.0,377.0,-39.0,True,0.0,False
Blake Whiteheart,TE,CLE,363.0,94.0,0.41,2.4,0.266666666666667,9.0,0.036998043560165,0.251875,9.50774832698429,TE_gbm,1,-2.3156060854344385,0,veteran,137.2432429488599,-127.7354946218756,417.0,352.0,-65.0,True,4.5333333333333385,False
Charlie Woerner,TE,ATL,341.0,81.0,0.77,12.8,1.82857142857143,7.0,0.074348973555095,0.508235294117647,8.934480375702229,TE_gbm,0,-6.60259853246614,0,veteran,137.2432429488599,-128.30876257315765,418.0,330.0,-88.0,True,31.08571428571431,False
Ty Chandler,RB,NO,400.0,94.0,1.24,8.8,2.93333333333333,3.0,0.133333333333333,0.335,26.340194099385087,RB_ridge,1,-2.3156060854344385,1,veteran,156.1167596867138,-129.77656558732872,419.0,387.0,-32.0,True,49.86666666666661,False
Jack Stoll,TE,CLE,369.0,99.0,0.33,16.6,1.84444444444444,9.0,0.045671865553311,0.208666666666667,6.41033174649097,TE_gbm,1,-2.3156060854344385,1,veteran,137.2432429488599,-130.8329112023689,420.0,357.0,-63.0,True,31.35555555555548,False
Tahj Brooks,RB,CIN,385.0,89.0,1.53,6.4,0.533333333333333,12.0,0.0298573975044563,,24.81573886534143,RB_ridge,0,10.0828731123803,0,veteran,156.1167596867138,-131.3010208213724,421.0,373.0,-48.0,False,9.066666666666661,False
Josh Cuevas,TE,BAL,344.0,84.0,,,,,,,4.736300038502911,rookie_prior_ridge,0,,0,rookie,137.2432429488599,-132.50694291035697,422.0,333.0,-89.0,False,,False
Emari Demercado,RB,KC,323.0,75.0,2.37,58.3,4.85833333333333,12.0,0.0639034102529619,0.251666666666667,23.1369917770848,RB_ridge,0,5.300602599522808,1,veteran,156.1167596867138,-132.979767909629,423.0,314.0,-109.0,False,82.59166666666661,False
Jacardia Wright,RB,SEA,446.0,115.0,0.25,2.0,2.0,1.0,0.0,0.09,22.46979700006642,RB_ridge,1,-2.673629810734993,0,veteran,156.1167596867138,-133.64696268664738,424.0,428.0,4.0,True,34.0,False
Dameon Pierce,RB,PHI,444.0,113.0,0.29,3.6,0.72,5.0,0.037037037037037,0.17,21.35130944091439,RB_ridge,1,-2.3156060854344385,1,veteran,156.1167596867138,-134.7654502457994,425.0,426.0,1.0,True,12.24,False
Julius Chestnut,RB,TEN,442.0,111.0,0.31,4.0,0.25,16.0,0.0352526439482961,0.066,20.68904997955721,RB_ridge,0,-6.68407505908549,0,veteran,156.1167596867138,-135.4277097071566,426.0,424.0,-2.0,False,4.25,False
Isaac Guerendo,RB,SF,412.0,99.0,1.07,0.0,0.0,7.0,0.0,,19.68236265309504,RB_ridge,0,-2.673629810734993,0,veteran,156.1167596867138,-136.43439703361878,427.0,398.0,-29.0,True,0.0,False
Ronnie Rivers,RB,LAR,435.0,104.0,0.74,4.6,0.766666666666667,6.0,0.0294117647058824,0.076,19.435340847306392,RB_ridge,1,-3.204847043487389,0,veteran,156.1167596867138,-136.6814188394074,428.0,418.0,-10.0,True,13.03333333333334,False
Jack Endries,TE,CIN,251.0,51.0,,,,,,,-0.677981043965147,rookie_prior_ridge,0,,0,rookie,137.2432429488599,-137.92122399282505,429.0,246.0,-183.0,False,,False
Demond Claiborne,RB,MIN,350.0,82.0,,,,,,,15.619891368746394,rookie_prior_ridge,0,,0,rookie,156.1167596867138,-140.49686831796743,430.0,339.0,-91.0,False,,False
Kirk Cousins,QB,LV,455.0,35.0,3.49,108.54,10.854,10.0,0.0,0.861,71.11682160243097,QB_ridge,1,-2.3156060854344385,1,veteran,212.80908857304937,-141.6922669706184,431.0,435.0,4.0,True,184.51799999999997,False
Malik Willis,QB,MIA,140.0,22.0,18.51,51.18,12.795,4.0,0.0,0.4225,69.55719627776233,QB_ridge,0,-0.5447121886359134,1,veteran,212.80908857304937,-143.25189229528704,432.0,140.0,-292.0,True,217.515,False
Anthony Richardson,QB,IND,456.0,36.0,1.74,2.16,1.08,2.0,0.032258064516129,0.115,69.33531580647315,QB_ridge,0,-5.206003754852174,0,veteran,212.80908857304937,-143.47377276657622,433.0,436.0,3.0,True,18.36,False
Seth McGowan,RB,IND,388.0,90.0,,,,,,,10.421168646687777,rookie_prior_ridge,0,,0,rookie,156.1167596867138,-145.69559104002602,434.0,375.0,-59.0,False,,False
DeeJay Dallas,RB,JAX,448.0,117.0,0.18,2.1,0.42,5.0,0.0,0.115,7.401581965965121,RB_ridge,1,-2.3156060854344385,1,veteran,156.1167596867138,-148.71517772074867,435.0,431.0,-4.0,True,7.14,False
Jam Miller,RB,NE,418.0,100.0,,,,,,,6.915580767032921,rookie_prior_ridge,0,,0,rookie,156.1167596867138,-149.2011789196809,436.0,404.0,-32.0,False,,False
Tyler Goodson,RB,ATL,437.0,106.0,0.49,5.2,0.52,10.0,0.0381944444444444,0.0611111111111111,-3.455694879090075,RB_ridge,0,-6.60259853246614,1,veteran,156.1167596867138,-159.57245456580387,437.0,420.0,-17.0,True,8.84,False
Tyler Huntley,QB,BAL,459.0,39.0,0.04,40.14,8.028,5.0,0.0,0.594,40.42338233641,QB_ridge,0,0.4558089730608386,0,veteran,212.80908857304937,-172.38570623663935,438.0,439.0,1.0,True,136.476,False
Joe Milton,QB,DAL,460.0,40.0,0.04,12.32,3.08,4.0,0.0,0.21,24.42596052997004,QB_ridge,1,-2.3156060854344385,0,veteran,212.80908857304937,-188.38312804307932,439.0,440.0,1.0,True,52.36,False
Carson Beck,QB,ARI,458.0,38.0,,,,,,,14.371634072241932,rookie_prior_ridge,0,,0,rookie,212.80908857304937,-198.43745450080743,440.0,438.0,-2.0,False,,False
