"player_id","player_display_name","position","games_played","mean_pts","sd_pts","sharpe_pts","low_sample_flag"
"00-0033280","Christian McCaffrey","RB",17,24.5058823529412,8.22446583282429,2.97963209417648,FALSE
"00-0039075","Puka Nacua","WR",16,23.4375,10.2088115534245,2.29581081767917,FALSE
"00-0034857","Josh Allen","QB",16,23.41375,10.3389147560725,2.26462356566468,FALSE
"00-0038542","Bijan Robinson","RB",17,21.8117647058824,10.2584040153026,2.12623373707503,FALSE
"00-0039139","Jahmyr Gibbs","RB",17,21.5823529411765,13.5272057024963,1.59547754472261,FALSE
"00-0036223","Jonathan Taylor","RB",17,21.3117647058824,12.4415072616294,1.7129568192762,FALSE
"00-0033873","Patrick Mahomes","QB",14,21.1914285714286,7.48185791112059,2.83237516979985,FALSE
"00-0039851","Drake Maye","QB",17,21.1741176470588,5.29931016598332,3.99563659869866,FALSE
"00-0038543","Jaxon Smith-Njigba","WR",17,21.1705882352941,7.48120684664934,2.82983597021862,FALSE
"00-0026498","Matthew Stafford","QB",17,21.0811764705882,6.56252417362495,3.21235791485757,FALSE
"00-0037834","Brock Purdy","QB",9,20.82,9.93861157305184,2.09486001610654,FALSE
"00-0036971","Trevor Lawrence","QB",17,20.5988235294118,8.57270806276592,2.4028373973073,FALSE
"00-0039040","De'Von Achane","RB",16,20.175,7.01536409128802,2.87583078190542,FALSE
"00-0036900","Ja'Marr Chase","WR",16,19.6,10.2626832098953,1.90983192203591,FALSE
"00-0039918","Caleb Williams","QB",17,19.1282352941176,7.89608465894183,2.42249622696941,FALSE
"00-0036389","Jalen Hurts","QB",16,19.06625,7.30500730093178,2.61002476993665,FALSE
"00-0036963","Amon-Ra St. Brown","WR",17,19.0588235294118,10.9292073605277,1.7438431627023,FALSE
"00-0033077","Dak Prescott","QB",17,19.0458823529412,8.12751734758494,2.34338255317297,FALSE
"00-0039067","Rashee Rice","WR",8,18.7625,8.11153279508345,2.31306467889427,FALSE
"00-0036355","Justin Herbert","QB",16,18.7425,7.62865781117491,2.4568542021304,FALSE
"00-0037744","Trey McBride","TE",17,18.5823529411765,8.36646843761734,2.22105098223122,FALSE
"00-0039732","Bo Nix","QB",17,18.5788235294118,8.15326152710753,2.27869834269904,FALSE
"00-0035710","Daniel Jones","QB",13,18.0338461538462,6.69759352113571,2.69258594104531,FALSE
"00-0033106","Jared Goff","QB",17,17.9447058823529,7.05429489535193,2.54379865720906,FALSE
"00-0037248","James Cook","RB",17,17.7764705882353,9.20159832663358,1.93188943455423,FALSE
"00-0040691","Jaxson Dart","QB",14,17.6128571428571,10.2195607526949,1.72344561269061,FALSE
"00-0036442","Joe Burrow","QB",8,17.4325,8.54229770026777,2.0407272857575,FALSE
"00-0037247","George Pickens","WR",17,17.1705882352941,9.65063240841516,1.77921896810842,FALSE
"00-0034796","Lamar Jackson","QB",13,17.0661538461538,8.8012059197036,1.93906994130738,FALSE
"00-0037238","Drake London","WR",12,16.825,11.4539492990608,1.46892565705522,FALSE
"00-0033119","Jacoby Brissett","QB",14,16.8171428571429,7.79843320414815,2.15647713032888,FALSE
"00-0037239","Chris Olave","WR",16,16.8125,7.85271715183137,2.14097867972732,FALSE
"00-0039910","Jayden Daniels","QB",7,16.7542857142857,6.13657574749647,2.73023366836479,FALSE
"00-0034855","Baker Mayfield","QB",17,16.6423529411765,5.96599062332879,2.78953722724604,FALSE
"00-0038597","Chase Brown","RB",17,16.6235294117647,7.34613243582675,2.26289541564654,FALSE
"00-0032764","Derrick Henry","RB",17,16.4411764705882,10.0026908144465,1.64367536451721,FALSE
"00-0035228","Kyler Murray","QB",5,16.156,1.93160037274795,8.3640489140184,FALSE
"00-0036264","Jordan Love","QB",15,16.076,7.32164384352507,2.19568178179233,FALSE
"00-0040715","Cam Skattebo","RB",8,15.9625,8.61840845433275,1.85214011201513,FALSE
"00-0036945","Justin Fields","QB",9,15.9622222222222,10.697151230325,1.49219375126449,FALSE
"00-0031381","Davante Adams","WR",14,15.9214285714286,6.83938577667599,2.32790327835061,FALSE
"00-0035700","Josh Jacobs","RB",15,15.8066666666667,9.0192228574518,1.75255306543479,FALSE
"00-0037840","Kyren Williams","RB",17,15.4882352941176,6.11482648496067,2.53289857565227,FALSE
"00-0039163","C.J. Stroud","QB",14,15.4671428571429,6.35278549271762,2.4347025214173,FALSE
"00-0036358","CeeDee Lamb","WR",13,15.4538461538462,5.98450991931328,2.58230771812631,FALSE
"00-0036997","Javonte Williams","RB",16,15.175,6.01703138322102,2.52200778648367,FALSE
"00-0031503","Jameis Winston","QB",3,15.0933333333333,16.8290383959789,0.8968624931618,FALSE
"00-0036554","Nico Collins","WR",15,15.08,6.49925270429499,2.32026675775116,FALSE
"00-0040666","Omarion Hampton","RB",9,15.0777777777778,8.07508169893311,1.86719817085812,FALSE
"00-0032950","Carson Wentz","QB",5,15.068,5.22366920851618,2.8845624404077,FALSE
"00-0036973","Travis Etienne","RB",17,14.9352941176471,6.94432692711023,2.15071874847087,FALSE
"00-0040743","Tyler Shough","QB",11,14.9054545454545,7.616760943651,1.95692823441952,FALSE
"00-0035676","A.J. Brown","WR",15,14.6866666666667,9.75154688583646,1.50608583833998,FALSE
"00-0039338","Brock Bowers","TE",12,14.6833333333333,10.1236746233168,1.45039562013528,FALSE
"00-0033288","George Kittle","TE",11,14.6818181818182,8.26024432832567,1.77740725313317,FALSE
"00-0034869","Sam Darnold","QB",17,14.6717647058824,7.97418979841692,1.83990663337297,FALSE
"00-0038996","Tucker Kraft","TE",8,14.65,9.87044650893334,1.48422870097527,FALSE
"00-0023459","Aaron Rodgers","QB",16,14.63,6.19487530140841,2.36162945792853,FALSE
"00-0034844","Saquon Barkley","RB",16,14.51875,7.1937212206201,2.01825307858517,FALSE
"00-0040122","Ashton Jeanty","RB",17,14.4176470588235,8.68527743469643,1.66000996136601,FALSE
"00-0039150","Bryce Young","QB",16,14.315,7.41712073516402,1.92999420005847,FALSE
"00-0039064","Zay Flowers","WR",17,14.3117647058824,7.48305438582244,1.91255655351079,FALSE
"00-0036275","D'Andre Swift","RB",16,14.2875,6.67141913938356,2.14159831686428,FALSE
"00-0039337","Malik Nabers","WR",4,14.275,16.1192173093692,0.885588904599156,FALSE
"00-0037740","Garrett Wilson","WR",7,14.2142857142857,9.65771342355055,1.4718065333792,FALSE
"00-0036410","Tee Higgins","WR",15,14.1066666666667,8.22587091929799,1.71491466436366,FALSE
"00-0039361","Bucky Irving","RB",10,13.85,5.6081785516036,2.46960753345482,FALSE
"00-0039923","J.J. McCarthy","QB",10,13.738,8.0922374326676,1.69767633665085,FALSE
"00-0039917","Michael Penix Jr.","QB",9,13.6977777777778,7.0863491619059,1.93298092781159,FALSE
"00-0038117","Wan'Dale Robinson","WR",16,13.61875,8.19001170125334,1.66284866209848,FALSE
"00-0037228","Jaylen Warren","RB",16,13.56875,5.61542147423801,2.41633687911934,FALSE
"00-0033040","Tyreek Hill","WR",4,13.375,4.00614111916526,3.33862427761578,FALSE
"00-0032268","Marcus Mariota","QB",10,13.25,8.13271718977667,1.62922178293081,FALSE
"00-0038124","Christian Watson","WR",10,13.24,7.66973851502702,1.72626484906355,FALSE
"00-0038544","Quentin Johnston","WR",13,13.1692307692308,7.44293676530358,1.76935948597887,FALSE
"00-0036919","Kenny Gainwell","RB",17,13.0176470588235,9.37791523301672,1.38811737314413,FALSE
"00-0038120","Breece Hall","RB",16,12.97875,7.62151505060947,1.70290944960637,FALSE
"00-0038559","Michael Wilson","WR",17,12.9764705882353,10.6029199640809,1.22385820436211,FALSE
"00-0037240","Jameson Williams","WR",17,12.9352941176471,8.96325423440551,1.44314707352547,FALSE
"00-0034348","Courtland Sutton","WR",17,12.9235294117647,7.48394359710881,1.72683415422282,FALSE
"00-0038128","Malik Willis","QB",4,12.795,13.5203784463799,0.946349249818958,FALSE
"00-0036875","Rhamondre Stevenson","RB",14,12.7714285714286,10.0529696011774,1.27041352735541,FALSE
"00-0030565","Geno Smith","QB",15,12.7266666666667,6.99492332916898,1.81941474806396,FALSE
"00-0036139","Rico Dowdle","RB",17,12.7235294117647,9.80181930891944,1.29807834757641,FALSE
"00-0036212","Tua Tagovailoa","QB",14,12.55,6.68002187928246,1.87873636146654,FALSE
"00-0035640","DK Metcalf","WR",15,12.48,5.99930948407517,2.08023940640626,FALSE
"00-0040124","Tetairoa McMillan","WR",17,12.4352941176471,7.08448491215757,1.75528556724104,FALSE
"00-0036970","Kyle Pitts","TE",17,12.4,9.94063629754152,1.24740505827245,FALSE
"00-0031588","Stefon Diggs","WR",17,12.3705882352941,6.81164120328963,1.8160951033827,FALSE
"00-0036972","Mac Jones","QB",11,12.3672727272727,9.42742074048792,1.31184054130087,FALSE
"00-0034351","Dallas Goedert","TE",15,12.34,7.17414006793049,1.72006677917563,FALSE
"00-0037664","Alec Pierce","WR",15,12.22,8.30242649556656,1.47185886036153,FALSE
"00-0039919","Rome Odunze","WR",12,12.175,9.17269911699436,1.32730833582487,FALSE
"00-0040730","RJ Harvey","RB",17,12.1529411764706,7.65597133346407,1.58738070548284,FALSE
"00-0036613","Jaylen Waddle","WR",16,12.1325,6.8712031940071,1.76570240428659,FALSE
"00-0040734","TreVeyon Henderson","RB",17,12.1294117647059,9.59705454201199,1.26386817034417,FALSE
"00-0040784","Quinshon Judkins","RB",14,12.1285714285714,6.72966207534611,1.80225563970055,FALSE
"00-0026158","Joe Flacco","QB",13,12.0507692307692,10.6510550819613,1.13141553940308,FALSE
"00-0036252","Michael Pittman","WR",17,11.9058823529412,7.48944846001988,1.58968746717426,FALSE
"00-0039065","Sam LaPorta","TE",9,11.8777777777778,6.45421911964914,1.84031213653984,FALSE
"00-0036912","DeVonta Smith","WR",17,11.8705882352941,7.79869898652031,1.52212417171273,FALSE
"00-0040668","Shedeur Sanders","QB",8,11.8625,9.84283604600683,1.20519126241187,FALSE
"00-0036322","Justin Jefferson","WR",17,11.8529411764706,5.7922488774934,2.04634528438978,FALSE
"00-0035719","Deebo Samuel Sr.","WR",16,11.7625,6.9426099799235,1.69424755733284,FALSE
"00-0040663","Harold Fannin Jr.","TE",16,11.65,5.72910696938595,2.03347573404597,FALSE
"00-0036898","Davis Mills","QB",6,11.6,10.3953143290619,1.11588737317641,FALSE
"00-0036158","J.K. Dobbins","RB",10,11.59,4.09998644984211,2.82683861075842,FALSE
"00-0039376","Spencer Rattler","QB",9,11.5711111111111,6.42725533265259,1.80031918948762,FALSE
"00-0022942","Philip Rivers","QB",3,11.5533333333333,5.67345867468278,2.0363827421338,FALSE
"00-0036259","Jauan Jennings","WR",15,11.5533333333333,5.71012467547985,2.02330666840693,FALSE
"00-0040129","Emeka Egbuka","WR",17,11.5117647058824,8.42131836122923,1.36697892326232,FALSE
"00-0035659","Terry McLaurin","WR",10,11.42,5.10050106471032,2.23899570946342,FALSE
"00-0040676","Cam Ward","QB",17,11.3917647058824,5.2884830472619,2.15407038352528,FALSE
"00-0030506","Travis Kelce","TE",17,11.3647058823529,6.40526552693862,1.77427552918086,FALSE
"00-0035100","Jake Browning","QB",5,11.348,9.59590120832848,1.18258824821486,FALSE
"00-0039165","Zach Charbonnet","RB",16,11.3375,6.69874366330483,1.69248154129347,FALSE
"00-0039915","Ladd McConkey","WR",16,11.30625,6.85540844880887,1.64924527610962,FALSE
"00-0038134","Kenneth Walker III","RB",17,11.2882352941176,6.52963268041752,1.72877033772072,FALSE
"00-0033553","James Conner","RB",3,11.1,3.96610640301039,2.79871462640911,FALSE
"00-0040128","Tyler Warren","TE",17,11.0882352941176,4.8783811803893,2.27293335311547,FALSE
"00-0038041","Jake Ferguson","TE",17,11.0647058823529,7.0894235640557,1.56073420954172,FALSE
"00-0034960","Jakobi Meyers","WR",16,10.9875,4.35275774653265,2.52426177605508,FALSE
"00-0035261","Tony Pollard","RB",17,10.9294117647059,5.6194711390266,1.94491821281941,FALSE
"00-0040021","Phil Mafah","RB",1,10.9,0,NA,TRUE
"00-0029604","Kirk Cousins","QB",10,10.854,7.98258688229156,1.35970959790971,FALSE
"00-0038606","Parker Washington","WR",16,10.79375,7.64665231762676,1.41156542126529,FALSE
"00-0030279","Keenan Allen","WR",17,10.7470588235294,6.80589061466782,1.57908192064793,FALSE
"00-0028118","Tyrod Taylor","QB",6,10.7433333333333,8.36739784321665,1.28395153841559,FALSE
"00-0039384","Tyrone Tracy Jr.","RB",15,10.72,7.66011935751843,1.39945600057502,FALSE
"00-0039849","Marvin Harrison Jr.","WR",12,10.65,7.10371221775821,1.49921613848272,FALSE
"00-0031408","Mike Evans","WR",8,10.6,5.79901469463317,1.82789673042388,FALSE
"00-0036040","Juwan Johnson","TE",17,10.5823529411765,4.82457709210321,2.19342602245853,FALSE
"00-0033090","Hunter Henry","TE",17,10.5176470588235,7.27549270617785,1.44562677520007,FALSE
"00-0038933","Dalton Kincaid","TE",12,10.5083333333333,6.56207538308829,1.60137345578432,FALSE
"00-0034383","Dalton Schultz","TE",17,10.4529411764706,5.63916191103106,1.85363380966647,FALSE
"00-0039868","Troy Franklin","WR",17,10.4176470588235,7.62530616550228,1.36619393801578,FALSE
"00-0037261","Khalil Shakir","WR",16,10.4,5.8006896141752,1.79289027542267,FALSE
"00-0037816","Romeo Doubs","WR",16,10.3375,7.26084246718887,1.42373285837205,FALSE
"00-0040126","Colston Loveland","TE",16,10.31875,8.50005637236209,1.21396253718403,FALSE
"00-0034827","DJ Moore","WR",17,10.0105882352941,8.19778359572592,1.22113350741697,FALSE
"00-0039893","Brian Thomas Jr.","WR",14,9.91428571428571,5.0136516927987,1.977458012994,FALSE
"00-0033293","Aaron Jones","RB",12,9.89166666666667,4.50887172610003,2.19382303768099,FALSE
"00-0031610","Darren Waller","TE",9,9.85555555555556,8.90731596934665,1.10645626465617,FALSE
"00-0039916","Ricky Pearsall","WR",9,9.84444444444444,6.51462030956354,1.51113096030979,FALSE
"00-0038935","Brenton Strange","TE",12,9.83333333333333,4.74118000911038,2.07402657448951,FALSE
"00-0035685","David Montgomery","RB",17,9.81882352941176,6.72170168405381,1.46076454905837,FALSE
"00-0030061","Zach Ertz","TE",13,9.72307692307692,6.08442736913314,1.59802662324527,FALSE
"00-0039146","Jayden Reed","WR",5,9.7,2.47790233867277,3.91460141451562,FALSE
"00-0038994","Jordan Addison","WR",14,9.65,5.66144178429162,1.70451280215848,FALSE
"00-0039373","Audric Estimé","RB",5,9.62,6.55072515069897,1.46853970800065,FALSE
"00-0038563","Tre Tucker","WR",17,9.51176470588235,8.93790260302586,1.06420545494222,FALSE
"00-0037112","Jake Tonges","TE",10,9.33,6.44119554120196,1.44848886209391,FALSE
"00-0036244","Colby Parkinson","TE",14,9.27142857142857,7.27233203221726,1.27489071323409,FALSE
"00-0033921","Chris Godwin Jr.","WR",9,9.22222222222222,6.72918601648405,1.37048109528123,FALSE
"00-0033906","Alvin Kamara","RB",11,9.15454545454545,4.89782883252644,1.86910277340649,FALSE
"00-0039391","Kimani Vidal","RB",13,9.06923076923077,8.35018808324945,1.08611095688057,FALSE
"00-0040583","Woody Marks","RB",16,9.06875,6.93452413652155,1.30776817867549,FALSE
"00-0040234","Quinn Ewers","QB",4,9.045,5.58119162903407,1.62062165236305,FALSE
"00-0038608","Kayshon Boutte","WR",14,8.86428571428571,7.37236076821416,1.20236732750572,FALSE
"00-0039921","Trey Benson","RB",4,8.85,1.04721853816033,8.45095811190178,FALSE
"00-0029263","Russell Wilson","QB",6,8.80666666666667,11.8111179262027,0.745625157727811,FALSE
"00-0026300","Josh Johnson","QB",3,8.79333333333333,8.01075110918654,1.09769149153184,FALSE
"00-0040189","Oronde Gadsden II","TE",15,8.76,7.5444208335886,1.16112292689182,FALSE
"00-0039793","AJ Barner","TE",17,8.66470588235294,6.49287505428745,1.33449447431325,FALSE
"00-0040311","Theo Wease Jr.","WR",3,8.63333333333333,4.18847625435949,2.06121100110034,FALSE
"00-0040236","Kyle Monangai","RB",17,8.62941176470588,6.2796063477222,1.37419629302656,FALSE
"00-0035662","Marquise Brown","WR",16,8.60625,5.68676460447122,1.5133824940166,FALSE
"00-0036423","Albert Okwuegbunam","TE",1,8.6,0,NA,TRUE
"00-0039032","Tyjae Spears","RB",13,8.59230769230769,5.55164563267228,1.54770463765566,FALSE
"00-0033923","Kareem Hunt","RB",17,8.55294117647059,6.05042536180916,1.41360989765406,FALSE
"00-0039901","Keon Coleman","WR",12,8.53333333333333,6.05104548943003,1.41022462122279,FALSE
"00-0040735","Luther Burden III","WR",15,8.52666666666667,7.54098010555531,1.13071066987502,FALSE
"00-0038997","Josh Downs","WR",16,8.525,4.50222167379617,1.89350960873766,FALSE
"00-0039847","Theo Johnson","TE",15,8.52,5.82374449989008,1.46297626898996,FALSE
"00-0037256","Rachaad White","RB",17,8.41176470588235,5.49805446873496,1.52995295949074,FALSE
"00-0036555","Chuba Hubbard","RB",15,8.36,6.14756630127496,1.3598877328523,FALSE
"00-0040242","Jacory Croskey-Merritt","RB",17,8.25294117647059,7.4686107850673,1.10501690528197,FALSE
"00-0039491","Jalen Coker","WR",11,8.21818181818182,5.86546130868122,1.40111431747379,FALSE
"00-0038129","Cade Otton","TE",15,8.14666666666667,5.97863657016341,1.36262951779389,FALSE
"00-0033555","Mack Hollins","WR",14,8.1,4.61452556107843,1.75532671621111,FALSE
"00-0037525","Jordan Mason","RB",16,8.05625,5.49969317325976,1.46485444663905,FALSE
"00-0037545","Rashid Shaheed","WR",18,8.03333333333333,5.64946639854025,1.42196320265026,FALSE
"00-0035993","Tyler Huntley","QB",5,8.028,7.30849642539421,1.09844755100458,FALSE
"00-0039894","Xavier Worthy","WR",14,7.85,4.52459092923582,1.73496347465954,FALSE
"00-0033885","David Njoku","TE",11,7.84545454545455,5.04506960038484,1.55507359994718,FALSE
"00-0033869","Mitchell Trubisky","QB",4,7.78,14.0556133507815,0.553515510553471,FALSE
"00-0037157","Bam Knight","RB",12,7.74166666666667,5.89598605113271,1.31304019370591,FALSE
"00-0034753","Mark Andrews","TE",17,7.70588235294118,6.78615047249132,1.13553072307756,FALSE
"00-0038611","Chris Rodriguez Jr.","RB",12,7.66666666666667,4.83985975253854,1.58406793970537,FALSE
"00-0040130","Jayden Higgins","WR",17,7.61764705882353,5.37054877248564,1.41841129864609,FALSE
"00-0036924","Michael Carter","RB",13,7.61538461538462,4.88549658919919,1.55877390892476,FALSE
"00-0039410","Ryan Flournoy","WR",15,7.6,7.22930543986469,1.0512766493571,FALSE
"00-0036894","Pat Freiermuth","TE",15,7.57333333333333,6.44841804151183,1.17444825763154,FALSE
"00-0035229","T.J. Hockenson","TE",15,7.52,4.03966052321939,1.86154256199899,FALSE
"00-0039855","Jalen McMillan","WR",4,7.475,7.44015008809186,1.00468403345302,FALSE
"00-0039405","Jawhar Jordan","RB",4,7.425,6.50557453266043,1.14132886537902,FALSE
"00-0040648","Tory Horton","WR",8,7.3875,7.9348125371681,0.931023885617413,FALSE
"00-0039424","Devaughn Vele","WR",9,7.36666666666667,6.79797764044572,1.08365561881778,FALSE
"00-0033908","Cooper Kupp","WR",16,7.33125,3.977221601403,1.8433094091146,FALSE
"00-0037809","Chig Okonkwo","TE",17,7.29411764705882,4.48267088188438,1.62718116927482,FALSE
"00-0040170","Elic Ayomanor","WR",16,7.28125,4.23921671223981,1.71759324758675,FALSE
"00-0037263","Tyler Allgeier","RB",17,7.23529411764706,5.34987630423249,1.35242269282431,FALSE
"00-0040704","Dillon Gabriel","QB",10,7.208,7.2236537384715,0.997832988811723,FALSE
"00-0039738","Blake Corum","RB",17,7.18823529411765,6.49296565070049,1.10708044379415,FALSE
"00-0033110","Tyler Higbee","TE",10,7.11,6.27790658668247,1.13254313389796,FALSE
"00-0036407","Jerry Jeudy","WR",17,7.1,5.21667997868376,1.36101889113609,FALSE
"00-0040398","Brady Cook","QB",5,7.092,3.29516615666039,2.15224351757353,FALSE
"00-0035535","Darius Slayton","WR",14,7.05714285714286,4.12398505662336,1.71124355695923,FALSE
"00-0037252","Greg Dulcich","TE",9,6.97777777777778,3.96225244582478,1.76106340350187,FALSE
"00-0040736","Mason Taylor","TE",13,6.83846153846154,5.19848350668065,1.31547239299179,FALSE
"00-0034837","Calvin Ridley","WR",7,6.75714285714286,5.48326458199771,1.23232113936786,FALSE
"00-0038104","Tyquan Thornton","WR",12,6.73333333333333,5.70571218299272,1.18010392346878,FALSE
"00-0037197","Isiah Pacheco","RB",13,6.71538461538462,3.8948355022701,1.72417669795568,FALSE
"00-0040705","Chimere Dike","WR",17,6.71176470588235,6.08490780054854,1.10301830789898,FALSE
"00-0035243","Miles Sanders","RB",4,6.675,2.88256251739085,2.31564795550102,FALSE
"00-0040202","Devin Neal","RB",9,6.66666666666667,5.26901319034219,1.26525905816412,FALSE
"00-0037231","Kevin Austin Jr.","WR",5,6.6,5.62716624954337,1.17288164367555,FALSE
"00-0033307","Kendrick Bourne","WR",14,6.57857142857143,6.89081647182333,0.95468678573451,FALSE
"00-0033699","Austin Ekeler","RB",2,6.55,3.04055915910215,NA,TRUE
"00-0034975","Justice Hill","RB",10,6.52,8.56008826538086,0.761674389079434,FALSE
"00-0039880","Malik Washington","WR",17,6.51176470588235,3.34082369202214,1.94914946317951,FALSE
"00-0035689","Dawson Knox","TE",16,6.48125,5.22471291077318,1.24049878159542,FALSE
"00-0033881","Evan Engram","TE",16,6.425,3.9116066605254,1.64254756615457,FALSE
"00-0035250","Devin Singletary","RB",17,6.4,6.32742048547431,1.01147063241526,FALSE
"00-0040206","Riley Leonard","QB",5,6.4,9.88003036432581,0.647771288548739,FALSE
"00-0032385","Sterling Shepard","WR",13,6.30769230769231,3.62869617044964,1.73828064169691,FALSE
"00-0035500","Greg Dortch","WR",12,6.25833333333333,6.02124395684802,1.03937548091133,FALSE
"00-0040237","Tez Johnson","WR",15,6.16,6.50766580931399,0.946575958338795,FALSE
"00-0037837","Calvin Austin III","WR",14,6.15714285714286,5.50254686286468,1.11896236608104,FALSE
"00-0038618","Xavier Hutchinson","WR",16,6.125,5.3699782743198,1.14060051775085,FALSE
"00-0035208","Olamide Zaccheaus","WR",14,6.05714285714286,4.59894875708891,1.31707117801786,FALSE
"00-0038619","Andrei Iosivas","WR",15,5.99333333333333,5.18176289178371,1.15662052828323,FALSE
"00-0038621","DeMario Douglas","WR",16,5.9875,5.20088133556868,1.15124718555904,FALSE
"00-0034983","Hunter Renfrow","WR",6,5.98333333333333,8.74972380516475,0.683831109023295,FALSE
"00-0039342","Xavier Legette","WR",15,5.95333333333333,6.8604317509559,0.867778231669432,FALSE
"00-0037291","Jalen Nailor","WR",17,5.92352941176471,6.6555925179285,0.890007823617236,FALSE
"00-0040719","Bhayshul Tuten","RB",15,5.90666666666667,4.91811036108479,1.2010032782924,FALSE
"00-0035537","Ty Johnson","RB",17,5.9,5.28523887823436,1.11631661991615,FALSE
"00-0034829","Mike Gesicki","TE",12,5.89166666666667,5.5805601434938,1.05574826095828,FALSE
"00-0034791","Nick Chubb","RB",15,5.88666666666667,4.37653918502911,1.34505060226658,FALSE
"00-0040162","Dylan Sampson","RB",15,5.84,5.5980608887619,1.04321837794294,FALSE
"00-0038393","Dontayvion Wicks","WR",13,5.83076923076923,7.01954231834059,0.830648063127229,FALSE
"00-0038976","Marvin Mims Jr.","WR",15,5.8,5.71626751348415,1.01464810495981,FALSE
"00-0035644","Noah Fant","TE",13,5.75384615384615,4.72610046878244,1.21746166672764,FALSE
"00-0040134","Pat Bryant","WR",13,5.75384615384615,4.13634608977041,1.39104563036347,FALSE
"00-0040584","Gunnar Helm","TE",16,5.73125,3.98860355680197,1.43690640555796,FALSE
"00-0039355","Luke McCaffrey","WR",9,5.7,5.22039270553471,1.09187188043474,FALSE
"00-0039066","Michael Mayer","TE",13,5.67692307692308,5.60240333043981,1.01330138908036,FALSE
"00-0038558","Darnell Washington","TE",13,5.64615384615385,2.91365045507504,1.93782814143656,FALSE
"00-0037801","KaVontae Turpin","WR",15,5.63333333333333,4.65075518701252,1.21127281630835,FALSE
"00-0038797","Emanuel Wilson","RB",17,5.55882352941177,6.9396558653446,0.801022937919952,FALSE
"00-0037614","John Metchie III","WR",13,5.53076923076923,5.42115987210988,1.02021880210972,FALSE
"00-0039890","Adonai Mitchell","WR",16,5.49375,6.78787828902866,0.809347157694271,FALSE
"00-0036309","Darnell Mooney","WR",15,5.48666666666667,3.8250801423288,1.43439260420992,FALSE
"00-0040669","Isaac TeSlaa","WR",14,5.42142857142857,5.60633962189626,0.967017508224885,FALSE
"00-0038951","Sean Tucker","RB",17,5.37647058823529,8.23502651876154,0.652878357584677,FALSE
"00-0039874","Jaylen Wright","RB",9,5.35555555555556,5.52112106168465,0.970012339110244,FALSE
"00-0038891","Shedrick Jackson","WR",3,5.3,3.72424488990721,1.4231072758838,FALSE
"00-0034775","Christian Kirk","WR",11,5.26363636363636,4.77247791556393,1.10291476603185,FALSE
"00-0033526","Samaje Perine","RB",15,5.19333333333333,4.7442396149235,1.09466084238181,FALSE
"00-0036196","Gabe Davis","WR",6,5.15,5.42540321082222,0.949238204033783,FALSE
"00-0038647","Ronnie Bell","WR",2,5.15,7.28319984622144,NA,TRUE
"00-0037838","Isaiah Likely","TE",12,5.14166666666667,4.10287223857392,1.2531871254304,FALSE
"00-0040466","Raheim Sanders","RB",4,5.075,1.05316981853197,4.81878602168273,FALSE
"00-0033891","Zay Jones","WR",6,5.05,4.88129081288956,1.03456241260302,FALSE
"00-0033858","Jonnu Smith","TE",17,5.01176470588235,3.91645285190266,1.27966935780871,FALSE
"00-0036415","Van Jefferson","WR",14,5,3.38071453530622,1.47897728358396,FALSE
"00-0036534","Shane Zylstra","TE",1,5,0,NA,TRUE
"00-0038979","Cedric Tillman","WR",12,5,4.58812696978942,1.08976931826921,FALSE
"00-0040667","Matthew Golden","WR",14,5,4.30080493360523,1.16257307113175,FALSE
"00-0035406","Lil'Jordan Humphrey","WR",7,4.94285714285714,4.96751351041851,0.995036477000081,FALSE
"00-0036290","Cole Kmet","TE",16,4.91875,3.24082679779919,1.51774541093658,FALSE
"00-0038705","Emari Demercado","RB",12,4.85833333333333,4.29893397638686,1.13012513335146,FALSE
"00-0037329","Brittain Brown","RB",2,4.85,6.85893577750951,NA,TRUE
"00-0034613","Tanner Hudson","TE",10,4.78,3.15023808624047,1.51734563202634,FALSE
"00-0038579","Aidan O'Connell","QB",1,4.78,0,NA,TRUE
"00-0038551","Kendre Miller","RB",7,4.75714285714286,3.91359048396616,1.21554436434591,FALSE
"00-0040737","Terrance Ferguson","TE",11,4.73636363636364,5.20255182141855,0.910392399526777,FALSE
"00-0039792","Devontez Walker","WR",8,4.7,6.4692680089349,0.726511870200568,FALSE
"00-0037004","Hunter Long","TE",7,4.64285714285714,3.58741185390301,1.29420800619975,FALSE
"00-0033943","Josh Reynolds","WR",5,4.62,2.96597370183891,1.5576672163801,FALSE
"00-0036754","Brock Wright","TE",8,4.6,4.2142615011411,1.09153169511537,FALSE
"00-0038115","Daniel Bellinger","TE",13,4.58461538461538,5.36809186363369,0.854049353304478,FALSE
"00-0035249","Josh Oliver","TE",12,4.58333333333333,4.99978787428815,0.916705558030478,FALSE
"00-0036165","Isaiah Hodgins","WR",6,4.58333333333333,5.37491085197389,0.852727321356436,FALSE
"00-0032392","Austin Hooper","TE",13,4.56153846153846,2.94209065732133,1.55044116339079,FALSE
"00-0033955","Jeremy McNichols","RB",16,4.54375,3.77870678936591,1.2024616497864,FALSE
"00-0036626","Dyami Brown","WR",11,4.51818181818182,5.36466554070581,0.84221127745969,FALSE
"00-0039356","Ja'Tavion Sanders","TE",12,4.5,3.84258435762373,1.17108684707779,FALSE
"00-0039798","Isaiah Davis","RB",16,4.45,5.17429544318193,0.860020470200185,FALSE
"00-0040277","Jahdae Walker","WR",6,4.45,5.34331357867007,0.83281655371377,FALSE
"00-0036988","Josh Palmer","WR",12,4.35833333333333,3.05657512833425,1.42588784843921,FALSE
"00-0040727","Tre Harris","WR",16,4.3375,2.87607950747773,1.50812937845516,FALSE
"00-0033857","JuJu Smith-Schuster","WR",17,4.32352941176471,4.10328061003703,1.05367627093037,FALSE
"00-0039739","Roman Wilson","WR",9,4.28888888888889,6.10869144016221,0.702096174098949,FALSE
"00-0036755","Jaret Patterson","RB",6,4.28333333333333,4.31620975702834,0.992383033831598,FALSE
"00-0036550","Rashod Bateman","WR",13,4.26153846153846,4.77433040009076,0.892593956517432,FALSE
"00-0038454","Keaton Mitchell","RB",13,4.26153846153846,3.26867416076163,1.3037513841837,FALSE
"00-0037005","Tommy Tremble","TE",15,4.26,4.54136543343519,0.938043868620729,FALSE
"00-0036427","Tyler Johnson","WR",9,4.18888888888889,5.21858324750225,0.802686991894553,FALSE
"00-0039074","Davis Allen","TE",15,4.18666666666667,2.92693566395853,1.43039244702919,FALSE
"00-0032775","Demarcus Robinson","WR",14,4.15714285714286,3.00428265742661,1.38373892578529,FALSE
"00-0038679","Tyrell Shavers","WR",11,4.13636363636364,5.35560878468036,0.772342380234278,FALSE
"00-0035359","David Sills","WR",12,4.09166666666667,4.67905552500295,0.874464225697362,FALSE
"00-0040586","Jaydon Blue","RB",5,4.08,4.96960763038693,0.820990368545924,FALSE
"00-0037563","Malik Davis","RB",10,4.06,4.80998960497837,0.844076668231855,FALSE
"00-0040194","Jackson Hawes","TE",13,4.05384615384615,2.62666308733324,1.54334454745846,FALSE
"00-0032464","Kalif Raymond","WR",15,4.05333333333333,4.50220052016895,0.900300489766109,FALSE
"00-0040138","Jaylin Noel","WR",17,4.02352941176471,4.90784186427251,0.819816433177012,FALSE
"00-0038728","Jared Wayne","WR",1,4,0,NA,TRUE
"00-0040406","Quentin Skinner","WR",1,4,0,NA,TRUE
"00-0031236","Brandin Cooks","WR",13,3.99230769230769,3.6419915656276,1.09618806643769,FALSE
"00-0033375","Tim Patrick","WR",13,3.97692307692308,5.69782909626609,0.697971632657294,FALSE
"00-0038839","Mitchell Tinsley","WR",8,3.95,3.86522961801754,1.02193152551334,FALSE
"00-0032211","Tyler Lockett","WR",17,3.94705882352941,3.54244224495242,1.11421966840914,FALSE
"00-0030564","DeAndre Hopkins","WR",17,3.94117647058824,4.16774201809706,0.945638298501913,FALSE
"00-0038794","Jaleel McLaughlin","RB",8,3.925,2.83385149323571,1.38504082142936,FALSE
"00-0036679","Shane Buechele","QB",1,3.92,0,NA,TRUE
"00-0036849","Tutu Atwell","WR",8,3.9,5.68933839989954,0.685492710377162,FALSE
"00-0036893","Najee Harris","RB",3,3.86666666666667,2.57164020293146,1.50357995735912,FALSE
"00-0032398","Chris Moore","WR",10,3.86,4.32157378740662,0.893193125904345,FALSE
"00-0037666","Jalen Tolbert","WR",12,3.85833333333333,4.40855744976504,0.87519180078712,FALSE
"00-0039794","Braelon Allen","RB",4,3.825,3.44226185329743,1.11118798133731,FALSE
"00-0039144","Luke Musgrave","TE",13,3.78461538461538,2.62451460713727,1.44202488883973,FALSE
"00-0037324","Chris Oladokun","QB",3,3.73333333333333,4.86499057895628,0.767387577168602,FALSE
"00-0040078","Brashard Smith","RB",17,3.72352941176471,4.00663970986984,0.92933971641929,FALSE
"00-0038400","Tanner McKee","QB",4,3.69,6.27129970580262,0.588394778292253,FALSE
"00-0037746","Brian Robinson","RB",17,3.67647058823529,3.20244621573976,1.14801946404775,FALSE
"00-0040782","Isaiah Bond","WR",15,3.64666666666667,3.2057686100142,1.13753271376954,FALSE
"00-0037012","Trey Lance","QB",4,3.635,3.9002692214769,0.931986945922556,FALSE
"00-0037742","Treylon Burks","WR",8,3.625,3.25082407134824,1.11510186969194,FALSE
"00-0038555","Tank Bigsby","RB",15,3.58666666666667,5.16469701319402,0.6944582920361,FALSE
"00-0038440","Zavier Scott","RB",11,3.56363636363636,4.66867705614186,0.763307532472873,FALSE
"00-0034272","Marquez Valdes-Scantling","WR",9,3.55555555555556,3.34331837816529,1.06348099504264,FALSE
"00-0040522","Xavier Restrepo","WR",2,3.55,1.48492424049175,NA,TRUE
"00-0033282","Curtis Samuel","WR",6,3.51666666666667,3.71882597961597,0.945638942489539,FALSE
"00-0040131","Kyle Williams","WR",14,3.51428571428571,5.07480308717751,0.692496960752083,FALSE
"00-0036422","Adam Trautman","TE",13,3.5,2.93371209675842,1.19302776978944,FALSE
"00-0040317","Jacoby Jones","WR",1,3.5,0,NA,TRUE
"00-0040388","Jakobie Keeney-James","WR",1,3.5,0,NA,TRUE
"00-0040187","Mitchell Evans","TE",14,3.44285714285714,3.20617536007631,1.07382059812699,FALSE
"00-0036328","Antonio Gibson","RB",5,3.44,3.34110760078151,1.02959868733212,FALSE
"00-0032688","Robbie Chosen","WR",3,3.43333333333333,3.8527046776691,0.89114884751834,FALSE
"00-0039041","Elijah Higgins","TE",17,3.41764705882353,3.95098647398938,0.865011075416988,FALSE
"00-0039875","Ray Davis","RB",17,3.41764705882353,6.29744345886861,0.542703889466526,FALSE
"00-0034771","Mason Rudolph","QB",5,3.4,4.92448982129113,0.690426850980589,FALSE
"00-0037267","Jerome Ford","RB",13,3.35384615384615,3.28573060992919,1.02073071471871,FALSE
"00-0037805","Jeremy Ruckert","TE",14,3.35,2.33394680580079,1.4353369115671,FALSE
"00-0037741","Jahan Dotson","WR",15,3.34666666666667,3.48073610167789,0.961482447650485,FALSE
"00-0033591","Noah Brown","WR",4,3.325,1.20104121494643,2.76843122336006,FALSE
"00-0039359","Cade Stover","TE",6,3.31666666666667,2.26222604234561,1.46610754388971,FALSE
"00-0036959","Michael Bandy","WR",4,3.25,4.1097445176069,0.790803415170067,FALSE
"00-0033357","Taysom Hill","TE",13,3.21384615384615,4.16356725749595,0.771897259029515,FALSE
"00-0040198","Ollie Gordon II","RB",17,3.18235294117647,4.34629659798397,0.732198751151176,FALSE
"00-0036980","Elijah Moore","WR",9,3.17777777777778,3.42336741300791,0.928260801251729,FALSE
"00-0039912","Ben Sinnott","TE",9,3.15555555555556,2.37229377982108,1.33017064850777,FALSE
"00-0039451","Isaiah Williams","WR",15,3.11333333333333,4.1178820261091,0.756052095128878,FALSE
"00-0039394","Casey Washington","WR",5,3.08,2.24766545553381,1.37031068943866,FALSE
"00-0039398","Joe Milton III","QB",4,3.08,3.73427369109443,0.824792250055278,FALSE
"00-0035298","Scott Miller","WR",5,3.04,2.24008928393491,1.35708876507814,FALSE
"00-0040024","Darius Cooper","WR",6,3.03333333333333,2.28706507705108,1.32629952849636,FALSE
"00-0040729","Jack Bech","WR",14,3.02857142857143,3.16578549529146,0.956657181314364,FALSE
"00-0038359","Xavier Smith","WR",16,3.01875,3.75219380274172,0.804529339021404,FALSE
"00-0040244","Moliki Matavao","TE",1,3,0,NA,TRUE
"00-0037276","Ty Chandler","RB",3,2.93333333333333,3.2331615074619,0.907264708726555,FALSE
"00-0037282","James Mitchell","TE",2,2.9,1.13137084989848,NA,TRUE
"00-0034270","Tyler Conklin","TE",6,2.88333333333333,2.68508224579186,1.07383427001246,FALSE
"00-0040218","Jimmy Horn Jr.","WR",10,2.87,1.73336538431906,1.65573861458383,FALSE
"00-0035291","Trayveon Williams","RB",6,2.85,3.45296973632843,0.825376478112557,FALSE
"00-0040739","Elijah Arroyo","TE",13,2.83846153846154,3.33455105962268,0.851227492909561,FALSE
"00-0030035","Adam Thielen","WR",14,2.82857142857143,2.64849117319758,1.06799352672806,FALSE
"00-0038720","Julian Hill","TE",11,2.81818181818182,1.99690669878098,1.41127365635169,FALSE
"00-0038783","Nate Adkins","TE",6,2.8,4.03236903073119,0.69438089090082,FALSE
"00-0033217","Mo Alie-Cox","TE",11,2.79090909090909,3.17000143389701,0.880412564191845,FALSE
"00-0038046","Charlie Kolar","TE",13,2.78461538461538,3.23209069433552,0.861552365933181,FALSE
"00-0036637","Noah Gray","TE",14,2.77142857142857,2.0325915899237,1.36349504994882,FALSE
"00-0032104","Ameer Abdullah","RB",13,2.76153846153846,2.86750136923491,0.963046954804167,FALSE
"00-0036628","John Bates","TE",10,2.73,2.6549952918979,1.02825041096344,FALSE
"00-0034365","Ian Thomas","TE",9,2.71111111111111,2.45226652530085,1.10555320277779,FALSE
"00-0033455","Anthony Firkser","TE",5,2.66,3.0948344059093,0.859496713271951,FALSE
"00-0035631","Drew Sample","TE",12,2.65833333333333,2.85098334975953,0.932426818121388,FALSE
"00-0038738","Hunter Luepke","RB",14,2.64285714285714,2.82807743494091,0.934506640520032,FALSE
"00-0039920","Malachi Corley","WR",12,2.63333333333333,1.88406395053272,1.3976878717884,FALSE
"00-0027973","Andy Dalton","QB",4,2.63,2.67922874474478,0.981625777626738,FALSE
"00-0038394","Will Mallory","TE",1,2.6,0,NA,TRUE
"00-0034159","Will Dissly","TE",8,2.5875,1.86044349551391,1.39079741268103,FALSE
"00-0039379","Jamari Thrash","WR",8,2.5875,1.53849416174202,1.68183933637434,FALSE
"00-0034521","Allen Lazard","WR",9,2.55555555555556,2.69309817455246,0.948927736724727,FALSE
"00-0039623","Mason Tipton","WR",8,2.55,3.3487737627803,0.761472760071698,FALSE
"00-0039757","Terrell Jennings","RB",6,2.53333333333333,4.40893033134644,0.574591373177738,FALSE
"00-0040590","Konata Mumpfield","WR",10,2.52,2.90853151187254,0.866416605669712,FALSE
"00-0037086","Grant Calcaterra","TE",9,2.51111111111111,3.08035892569537,0.815200816425718,FALSE
"00-0040363","Keleki Latu","TE",3,2.5,3.19530906173409,0.782396929905507,FALSE
"00-0040164","Jaylin Lane","WR",15,2.48,2.57881478867439,0.961682091669259,FALSE
"00-0034860","Dante Pettis","WR",8,2.4625,4.10467938542621,0.599925053523835,FALSE
"00-0031687","Raheem Mostert","RB",12,2.45,2.29723153540794,1.06650111764417,FALSE
"00-0038589","Josh Whyle","TE",6,2.43333333333333,2.54296414970142,0.956888571794864,FALSE
"00-0034419","Braxton Berrios","WR",4,2.425,4.27112397385044,0.567766240185683,FALSE
"00-0039751","Jordan Whittington","WR",15,2.42,2.17525039609565,1.11251560020108,FALSE
"00-0039884","Tahj Washington","WR",2,2.35,3.18198051533946,NA,TRUE
"00-0040556","Corey Kiner","RB",4,2.325,2.07424685126915,1.12088876913441,FALSE
"00-0034407","Ray-Ray McCloud","WR",6,2.31666666666667,3.21708978218928,0.720112531360607,FALSE
"00-0040172","Jordan Watkins","WR",2,2.3,0.848528137423857,NA,TRUE
"00-0037306","John FitzPatrick","TE",11,2.29090909090909,2.72266580595362,0.841421332687833,FALSE
"00-0036887","Luke Farrell","TE",13,2.26923076923077,3.32249520074512,0.682989931399106,FALSE
"00-0037348","Tanner Conner","TE",8,2.2625,1.59188791780613,1.42126840381958,FALSE
"00-0035891","Cody White","WR",8,2.25,4.49952378432588,0.500052918452813,FALSE
"00-0037085","Tyler Badie","RB",16,2.2125,1.69779268463496,1.30316264171895,FALSE
"00-0037524","Tay Martin","WR",2,2.15,0.353553390593274,NA,TRUE
"00-0040581","Dont'e Thornton Jr.","WR",11,2.13636363636364,2.17773861024354,0.981000945804384,FALSE
"00-0040009","Savion Williams","WR",12,2.125,2.50386065543156,0.848689401061632,FALSE
"00-0035645","Gunner Olszewski","WR",16,2.11375,5.09133495918965,0.415166163087496,FALSE
"00-0036360","Clyde Edwards-Helaire","RB",2,2.1,2.26274169979695,NA,TRUE
"00-0038465","Malik Heath","WR",7,2.08571428571429,2.39682329443827,0.870199438796387,FALSE
"00-0036133","James Proche","WR",6,2.08333333333333,2.66789555017933,0.780890141367527,FALSE
"00-0040563","Efton Chism III","WR",8,2.0625,4.31308225882936,0.478196305154587,FALSE
"00-0037475","Stone Smartt","TE",6,2.03333333333333,3.46967817912075,0.586029374588453,FALSE
"00-0040547","Nate Carter","RB",2,2,0.848528137423857,NA,TRUE
"00-0034386","Justin Watson","WR",3,2,2.42693221990232,0.824085643430329,FALSE
"00-0038809","Ben Sims","TE",3,2,0.754983443527075,2.64906471413009,FALSE
"00-0038840","Brycen Tremayne","WR",15,2,2.66297363325824,0.751040106076054,FALSE
"00-0040067","Jacardia Wright","RB",1,2,0,NA,TRUE
"00-0039521","Xavier Weaver","WR",7,1.95714285714286,1.98398348687444,0.986471344187511,FALSE
"00-0038547","Luke Schoonmaker","TE",14,1.94285714285714,1.42867032624707,1.35990585593023,FALSE
"00-0038685","Chris Brooks","RB",17,1.92352941176471,2.01510837542448,0.95455382709107,FALSE
"00-0040179","DJ Giddens","RB",5,1.92,1.7541379649275,1.09455472624661,FALSE
"00-0038040","Zamir White","RB",5,1.92,1.41668627437411,1.35527535964041,FALSE
"00-0039754","Devin Culp","TE",4,1.9,3.8,0.5,FALSE
"00-0032434","Brandon Allen","QB",1,1.88,0,NA,TRUE
"00-0038953","Dylan Drummond","WR",6,1.86666666666667,2.44267612807483,0.764189179732909,FALSE
"00-0036741","Jack Stoll","TE",9,1.84444444444444,3.20199590533432,0.576029607461932,FALSE
"00-0034981","Foster Moreau","TE",7,1.84285714285714,1.4547131937913,1.2668181953133,FALSE
"00-0036429","Charlie Woerner","TE",7,1.82857142857143,1.98722107956,0.920165072411722,FALSE
"00-0036414","Cam Akers","RB",4,1.795,2.49,0.720883534136546,FALSE
"00-0039458","Brenden Bates","TE",5,1.76,1.86895692834265,0.941701744598645,FALSE
"00-0037539","Lucas Krull","TE",2,1.75,0.212132034355964,NA,TRUE
"00-0033854","Dare Ogunbowale","RB",14,1.72142857142857,2.2402536159409,0.768407897739551,FALSE
"00-0033246","Johnny Mundt","TE",12,1.675,1.44418898284879,1.15982050818302,FALSE
"00-0035021","Ashton Dulin","WR",12,1.66666666666667,2.54998514553012,0.653598578638067,FALSE
"00-0038102","Kenny Pickett","QB",6,1.62,3.59176836669627,0.451031312325434,FALSE
"00-0039796","Rasheen Ali","RB",15,1.61333333333333,2.9198499635296,0.552539806320421,FALSE
"00-0040184","KeAndre Lambert-Smith","WR",10,1.61,2.84036382646073,0.566828793199411,FALSE
"00-0039737","Tip Reiman","TE",3,1.6,1.4422205101856,1.10940039245046,FALSE
"00-0036590","Quintin Morris","TE",11,1.59090909090909,2.38388529315257,0.667359749010908,FALSE
"00-0036332","Josiah Deguara","TE",7,1.58571428571429,3.54044656855063,0.447885388188033,FALSE
"00-0034418","Cedrick Wilson Jr.","WR",6,1.56666666666667,0.895916662791058,1.7486745494676,FALSE
"00-0037015","Sal Cannella","TE",2,1.55,2.1920310216783,NA,TRUE
"00-0040238","LeQuint Allen Jr.","RB",16,1.55,1.05261578935526,1.47252208799698,FALSE
"00-0036182","Nick Westbrook-Ikhine","WR",13,1.53076923076923,1.77030346522125,0.864693122304835,FALSE
"00-0036265","AJ Dillon","RB",6,1.51666666666667,0.407021702943058,3.72625502694349,FALSE
"00-0039530","Brevyn Spann-Ford","TE",16,1.5,2.19332320159767,0.683893736640073,FALSE
"00-0038582","Clayton Tune","QB",2,1.49,3.06884343034962,NA,TRUE
"00-0039299","George Holani","RB",10,1.48,2.97612723742338,0.497290566542218,FALSE
"00-0033662","Cooper Rush","QB",4,1.43,2.13125940858138,0.670964779905343,FALSE
"00-0038938","Jalin Hyatt","WR",6,1.41666666666667,2.21306725308262,0.640137196324859,FALSE
"00-0039631","Cam Grandy","TE",2,1.35,0.353553390593274,NA,TRUE
"00-0036906","Khalil Herbert","RB",5,1.32,2.40561842360753,0.548715451730075,FALSE
"00-0036630","Tylan Wallace","WR",11,1.31818181818182,3.1536703004018,0.417983394780955,FALSE
"00-0037098","Samori Toure","WR",1,1.3,0,NA,TRUE
"00-0040628","Drake Dabney","TE",1,1.3,0,NA,TRUE
"00-0038416","Tyson Bagent","QB",2,1.29,0.692964645562817,NA,TRUE
"00-0034487","Trent Sherfield","WR",4,1.275,1.02102889283311,1.2487403725297,FALSE
"00-0036841","Austin Trammell","WR",6,1.26666666666667,2.17960241022684,0.581145745078726,FALSE
"00-0035544","Tom Kennedy","WR",6,1.26666666666667,3.10268700752536,0.408248290463863,FALSE
"00-0038824","Ryan Miller","WR",9,1.26666666666667,3.00665927567458,0.421287066650568,FALSE
"00-0036497","Tim Jones","WR",2,1.25,1.76776695296637,NA,TRUE
"00-0039746","Will Shipley","RB",14,1.25,1.67458375999255,0.746454151690546,FALSE
"00-0037340","Zaire Mitchell-Paden","TE",3,1.23333333333333,1.20138808606267,1.02659028139305,FALSE
"00-0038640","Jalen Brooks","WR",5,1.22,2.25876072216603,0.54011918483782,FALSE
"00-0040646","Jalen Royals","WR",2,1.2,1.69705627484771,NA,TRUE
"00-0039648","David Martin-Robinson","TE",11,1.18181818181818,2.16740313823625,0.545269203024177,FALSE
"00-0040494","Max Brosmer","QB",7,1.17428571428571,1.24855726264166,0.940514103294866,FALSE
"00-0037292","Andrew Ogletree","TE",11,1.15454545454545,2.65381372231121,0.435051429887083,FALSE
"00-0036176","Mason Kinsey","WR",6,1.13333333333333,1.8661904154364,0.607297799816591,FALSE
"00-0040432","Beaux Collins","WR",4,1.125,1.37446959466795,0.818497553066487,FALSE
"00-0039164","Anthony Richardson","QB",2,1.08,1.66877200360025,NA,TRUE
"00-0038397","Evan Hull","RB",6,1.06666666666667,0.671317113342619,1.58891624459791,FALSE
"00-0036862","Ben Skowronek","WR",16,1.05625,2.40803343000051,0.438635937043357,FALSE
"00-0039589","Kameron Johnson","WR",17,1.04117647058824,3.96690351904502,0.262465791161688,FALSE
"00-0040582","Arian Smith","WR",13,1.03846153846154,1.06968722962872,0.970808578150436,FALSE
"00-0033576","Eric Saubert","TE",9,1.01111111111111,1.23738074621804,0.817138228634554,FALSE
"00-0037654","Tucker Fisk","TE",4,0.975,1.14418821295566,0.852132532882318,FALSE
"00-0039603","British Brooks","RB",8,0.975,2.21472345903501,0.440235549961088,FALSE
"00-0031237","Teddy Bridgewater","QB",3,0.96,1.83597385602301,0.522883262662303,FALSE
"00-0040259","Gage Larvadain","WR",13,0.953846153846154,1.55113688661757,0.614933576833522,FALSE
"00-0034798","Durham Smythe","TE",7,0.928571428571429,0.914174100330066,1.01574900036674,FALSE
"00-0036876","Kylen Granson","TE",12,0.916666666666667,2.00763693445953,0.456589859915802,FALSE
"00-0037617","Hassan Haskins","RB",11,0.909090909090909,1.2786356364927,0.710985118156528,FALSE
"00-0033589","David Moore","WR",3,0.9,0.793725393319377,1.13389341902768,FALSE
"00-0039650","Bryce Oliver","WR",2,0.9,1.27279220613579,NA,TRUE
"00-0037487","Deven Thompkins","WR",7,0.885714285714286,1.80317180862739,0.491197944353683,FALSE
"00-0040142","Kaleb Johnson","RB",10,0.88,0.908967668414131,0.968131244464755,FALSE
"00-0038090","Skyy Moore","WR",17,0.870588235294118,1.29217099578691,0.673740734107673,FALSE
"00-0037093","Dareke Young","WR",8,0.85,1.69957977999605,0.500123624677374,FALSE
"00-0038752","Jake Bobo","WR",5,0.8,1.20208152801713,0.665512264646162,FALSE
"00-0040039","Amar Johnson","RB",1,0.8,0,NA,TRUE
"00-0037557","Ronnie Rivers","RB",6,0.766666666666667,1.64519502390041,0.466003516622037,FALSE
"00-0034854","KhaDarel Hodge","WR",8,0.7625,2.15667568261897,0.353553390593274,FALSE
"00-0036620","Dee Eskridge","WR",11,0.745454545454545,1.44869847543485,0.514568461343057,FALSE
"00-0037258","Dameon Pierce","RB",5,0.72,0.875785361832453,0.82211924448418,FALSE
"00-0035876","Andre Baccellia","WR",4,0.7,0.812403840463596,0.861640436855329,FALSE
"00-0037755","Jelani Woods","TE",2,0.7,0.989949493661166,NA,TRUE
"00-0039062","Jonathan Mingo","WR",5,0.7,1.56524758424985,0.447213595499958,FALSE
"00-0039824","Jared Wiley","TE",2,0.7,0.989949493661166,NA,TRUE
"00-0040644","Trevor Etienne","RB",17,0.688235294117647,1.39413160826963,0.493665942322239,FALSE
"00-0034073","Ross Dwelley","TE",4,0.675,0.78049129826454,0.864839879061939,FALSE
"00-0037132","Britain Covey","WR",6,0.666666666666667,1.63299316185545,0.408248290463863,FALSE
"00-0037745","Velus Jones Jr.","WR",5,0.64,1.43108350559987,0.447213595499958,FALSE
"00-0035311","Myles Gaskin","RB",1,0.6,0,NA,TRUE
"00-0040509","Ben Yurosek","TE",6,0.566666666666667,0.886942313043338,0.638899123802405,FALSE
"00-0033757","Robert Tonyan","TE",2,0.55,0.777817459305202,NA,TRUE
"00-0040429","Josh Williams","RB",2,0.55,0.777817459305202,NA,TRUE
"00-0036232","Harrison Bryant","TE",5,0.54,0.746993975879324,0.722897396012249,FALSE
"00-0040208","Tahj Brooks","RB",12,0.533333333333333,0.898820776283452,0.593370054860794,FALSE
"00-0033949","Joshua Dobbs","QB",4,0.525,0.597857285088451,0.878135991806687,FALSE
"00-0037120","Tyler Goodson","RB",10,0.52,0.576965240624501,0.901267465327993,FALSE
"00-0035628","D'Ernest Johnson","RB",5,0.5,0.51478150704935,0.971285862357264,FALSE
"00-0036842","Kene Nwangwu","RB",10,0.49,1.07749709976408,0.454757604551592,FALSE
"00-0040154","Tai Felton","WR",12,0.458333333333333,0.833893750953194,0.549630372945509,FALSE
"00-0036187","Reggie Gilliam","RB",11,0.436363636363636,1.10929953328461,0.39336862882433,FALSE
"00-0040488","Carter Runyon","TE",3,0.433333333333333,0.750555349946514,0.577350269189626,FALSE
"00-0031484","Chris Manhertz","TE",4,0.425,0.85,0.5,FALSE
"00-0033376","Patrick Ricard","RB",5,0.42,0.782304288624318,0.536875492193159,FALSE
"00-0033439","Pharaoh Brown","TE",5,0.42,0.939148550549912,0.447213595499958,FALSE
"00-0036425","DeeJay Dallas","RB",5,0.42,0.939148550549912,0.447213595499958,FALSE
"00-0039686","Colson Yankoff","TE",10,0.38,0.835064867739826,0.455054469036043,FALSE
"00-0037013","Zach Wilson","QB",4,0.345,0.828713862962764,0.416307745554755,FALSE
"00-0038458","Owen Wright","RB",2,0.3,0.424264068711929,NA,TRUE
"00-0038519","Nikko Remigio","WR",14,0.3,0.857545692884417,0.349835586009333,FALSE
"00-0035602","Alex Bachman","WR",11,0.290909090909091,0.660990991549122,0.440110522879149,FALSE
"00-0039021","Roschon Johnson","RB",6,0.283333333333333,0.466547603859099,0.607297799816591,FALSE
"00-0036331","Devin Duvernay","WR",17,0.270588235294118,0.857149859915372,0.315683695405181,FALSE
"00-0038710","Blake Whiteheart","TE",9,0.266666666666667,0.53851648071345,0.495187568472138,FALSE
"00-0039050","Payne Durham","TE",8,0.2625,0.742462120245875,0.353553390593274,FALSE
"00-0037594","Julius Chestnut","RB",16,0.25,0.644980619863884,0.387608545591276,FALSE
"00-0039816","Anthony Gould","WR",11,0.236363636363636,0.525875892721329,0.449466574975495,FALSE
"00-0039407","Dylan Laube","RB",17,0.217647058823529,1.09100601173736,0.199492080228724,FALSE
"00-0039266","Kendall Milton","RB",1,0.2,0,NA,TRUE
"00-0040205","Kalel Mullings","RB",4,0.175,0.206155281280883,0.848874687627165,FALSE
"00-0035289","Gardner Minshew","QB",4,0.17,0.824378553820998,0.206215941950514,FALSE
"00-0038573","Derius Davis","WR",11,0.136363636363636,0.877807185289261,0.155345773706217,FALSE
"00-0038896","Jacob Saylors","RB",11,0.1,0.33166247903554,0.301511344577764,FALSE
"00-0038911","Malik Cunningham","WR",1,0.1,0,NA,TRUE
"00-0035567","Craig Reynolds","RB",5,0.08,0.178885438199983,0.447213595499958,FALSE
"00-0039364","Sione Vaki","RB",8,0.05,0.14142135623731,0.353553390593274,FALSE
"00-0040534","Ke'Shawn Williams","WR",11,0.0454545454545455,0.839480358750145,0.0541460499709846,FALSE
"00-0036825","Feleipe Franks","TE",10,0.04,0.0843274042711568,0.474341649025257,FALSE
"00-0035704","Drew Lock","QB",3,0.0333333333333333,0.450924975282289,0.0739221270954573,FALSE
"00-0024243","Marcedes Lewis","TE",1,0,0,NA,TRUE
"00-0031763","DeAndre Carter","WR",4,0,0,NA,FALSE
"00-0032951","Laquon Treadwell","WR",6,0,0,NA,FALSE
"00-0034054","River Cracraft","WR",2,0,0,NA,TRUE
"00-0034681","Chase Edmonds","RB",3,0,0,NA,FALSE
"00-0034867","Malik Turner","WR",2,0,0,NA,TRUE
"00-0034928","Steven Sims","WR",3,0,0,NA,FALSE
"00-0034955","Brett Rypien","QB",1,0,0,NA,TRUE
"00-0035639","Parris Campbell","WR",1,0,0,NA,TRUE
"00-0035726","Jakob Johnson","RB",2,0,0,NA,TRUE
"00-0035956","Giovanni Ricci","TE",2,0,0,NA,TRUE
"00-0036463","Chris Blair","WR",1,0,0,NA,TRUE
"00-0036527","DJ Turner","WR",1,0,0,NA,TRUE
"00-0036567","Elijah Mitchell","RB",1,0,0,NA,TRUE
"00-0036569","Gary Brightwell","RB",2,0,0,NA,TRUE
"00-0036646","Simi Fehoko","WR",7,0,0,NA,FALSE
"00-0036950","Avery Williams","RB",1,0,0,NA,TRUE
"00-0036984","Trey Sermon","RB",3,0,0,NA,FALSE
"00-0037031","Nikola Kalinic","TE",2,0,0,NA,TRUE
"00-0037277","Teagan Quitoriano","TE",2,0,0,NA,TRUE
"00-0037311","Ko Kieft","TE",2,0,0,NA,TRUE
"00-0037380","Kaden Davis","WR",1,0,0,NA,TRUE
"00-0038396","Eric Gray","RB",1,0,0,NA,TRUE
"00-0038409","Lew Nichols III","RB",1,0,0,NA,TRUE
"00-0038456","Travis Vokolek","TE",1,0,0,NA,TRUE
"00-0038488","Brady Russell","RB",10,0,0,NA,FALSE
"00-0038492","Jason Brownlee","WR",3,0,0,NA,FALSE
"00-0038498","E.J. Jenkins","TE",1,0,0,NA,TRUE
"00-0038564","Cameron Latu","TE",10,0,0,NA,FALSE
"00-0038576","Charlie Jones","WR",14,0,0,NA,FALSE
"00-0038590","Justin Shorter","TE",3,0,0,NA,FALSE
"00-0038643","Brayden Willis","TE",6,0,0,NA,FALSE
"00-0038678","Jordan Mims","RB",1,0,0,NA,TRUE
"00-0038735","Princeton Fant","TE",1,0,0,NA,TRUE
"00-0038740","Jalen Moreno-Cropper","WR",2,0,0,NA,TRUE
"00-0039363","Isaac Guerendo","RB",7,0,0,NA,FALSE
"00-0039489","Hayden Rucci","TE",1,0,0,NA,TRUE
"00-0039710","Jeshaun Jones","WR",1,0,0,NA,TRUE
"00-0040058","Nick Kallerup","TE",4,0,0,NA,FALSE
"00-0040225","Thomas Fidone II","TE",1,0,0,NA,TRUE
"00-0040241","Dominic Lovett","WR",2,0,0,NA,TRUE
"00-0040352","Coleman Owen","WR",2,0,0,NA,TRUE
"00-0040431","Dalen Cambre","WR",3,0,0,NA,FALSE
"00-0040476","Ulysses Bentley IV","RB",1,0,0,NA,TRUE
"00-0040629","Dalevon Campbell","WR",1,0,0,NA,TRUE
"00-0040649","Robbie Ouzts","RB",4,0,0,NA,FALSE
"00-0033319","Nick Mullens","QB",4,-0.01,0.328430611646763,-0.0304478317348668,FALSE
"00-0035594","Travis Homer","RB",8,-0.025,0.0707106781186548,-0.353553390593274,FALSE
"00-0039577","Kedon Slovis","QB",2,-0.04,0.0565685424949238,NA,TRUE
"00-0034367","Nyheim Hines","RB",4,-0.05,0.1,-0.5,FALSE
"00-0035264","Jarrett Stidham","QB",1,-0.1,0,NA,TRUE
"00-0038658","Adrian Martinez","QB",1,-0.1,0,NA,TRUE
"00-0040075","LaJohntay Wester","WR",14,-0.142857142857143,0.534522483824849,-0.267261241912424,FALSE
"00-0034577","Kyle Allen","QB",2,-0.15,0.0707106781186548,NA,TRUE
"00-0033572","Jamal Agnew","WR",11,-0.181818181818182,0.603022689155527,-0.301511344577764,FALSE
"00-0038496","Xavier Gipson","WR",6,-0.233333333333333,1.08197350552898,-0.215655311466482,FALSE
"00-0031345","Jimmy Garoppolo","QB",3,-0.333333333333333,0.0577350269189626,-5.77350269189626,FALSE
"00-0040506","Myles Price","WR",16,-0.375,0.806225774829855,-0.465130254709532,FALSE
"00-0040673","Jalen Milroe","QB",3,-0.533333333333333,1.27410099024109,-0.418595807882084,FALSE
"00-0035140","Mecole Hardman","WR",2,-1,1.4142135623731,NA,TRUE
