"name","att","rush_yds_oe","ryoe_per_att","rush_pct_oe","efficiency","avg_tlos","pct_8box","rush_epa"
"Derrick Henry",650,1123.70585512804,1.89457949686257,0.460470914602603,3.23469471766158,2.73531467600325,33.137904008677,47.4913418960885
"Aaron Jones",489,80.208332916847,0.249691120558609,0.416483581673873,4.02605090156284,2.7858672657007,16.6043590625634,-16.4632265690085
"James Conner",445,242.555745093759,0.617564780307416,0.413016622853075,3.95227734223701,2.86463102476829,26.4777181372789,1.23057158606022
"Joe Mixon",467,164.665542170409,0.362673995325133,0.367023711328173,5.07450183100686,2.84362448241162,27.9338915053201,-17.7244424775801
"Alvin Kamara",444,-41.0379507564191,0.00752599118717986,0.377930932123568,4.64977438947316,2.76525090513539,25.9295472921638,-18.174864595851
"Kareem Hunt",379,-200.557517495119,-0.515499149504946,0.346736836996577,3.8227358804071,2.70596079761989,17.4857465766557,2.75300599353561
"Gus Edwards",164,-58.8710889841395,-0.181812615948593,0.354133508588954,3.92250891558135,2.73545474783294,34.2974297429743,-15.9995525307252
"Nick Chubb",186,-34.8775305372976,-0.136491256859604,0.403205009276438,4.82759180394685,2.79102800207311,21.4578558696206,-20.5745782894754
"Saquon Barkley",690,1091.92893860145,1.72885052005679,0.431504934068908,3.29685835163177,2.760824009751,21.0621337007982,33.9691262504954
"Alexander Mattison",220,-169.762414953105,-1.10648737422665,0.253824850098142,5.64913190349297,2.74456114741022,19.5504288671991,-30.7859976790078
"Devin Singletary",169,-64.4892198023966,-0.292159161714136,0.366895604395604,5.01411782153567,2.78922157919962,28.1747787610619,-11.1448167904699
"Tony Pollard",480,30.2896313707228,0.0376557440632918,0.371694931153882,4.20065421676374,2.95470253368008,20.9044468603292,-26.1811533806673
"David Montgomery",339,20.6703346178273,0.122230881178008,0.427752006934945,3.98349921605051,2.73988457693645,28.6494297828871,-9.43690764048532
"Josh Jacobs",587,416.992096500164,0.77960849631426,0.473741380114946,3.76460469999298,2.73799617509163,21.0543251244649,-20.2366827516254
"Rico Dowdle",442,139.931469578146,0.263814218621149,0.409980428250764,3.70585914916393,2.68376275118014,16.3727645331573,-10.528278699356
"J.K. Dobbins",384,214.719758911544,0.814360426729463,0.331386252636253,4.10560993108809,2.80099590221931,20.3612295724703,1.58179798299046
"Jonathan Taylor",606,387.234212070633,0.66461672846637,0.392224272524742,3.63404227629281,2.72727663288758,18.9116048999252,-22.909317083567
"D'Andre Swift",497,-328.224293484764,-0.761092052018599,0.280839650262524,5.32802579611366,2.8627517280486,22.2518185959252,-38.9268417686981
"Antonio Gibson",178,121.585089815263,0.717807050319657,0.42059917206976,4.7950324816907,3.01642352092352,16.4345376845377,-10.6508576496562
"Cam Akers",150,-77.9252862955638,-1.24926024486433,0.238289768483943,5.3117886881022,2.89337191622103,18.8846153846154,-18.873483732692
"Chuba Hubbard",494,547.100679251006,1.00616877658655,0.509218385745619,3.54973833795624,2.61328525950505,22.4078752184635,10.7498774464184
"Rhamondre Stevenson",391,112.74192489839,0.496204206875831,0.445953482501706,4.31302311062489,2.85229108389103,24.1129072216029,-37.8557529582252
"Najee Harris",511,10.8395757971524,0.0608853451405647,0.357528656831834,4.70167267468835,2.84187699377416,26.8348458214841,-18.3108754303539
"Travis Etienne",275,-63.806692990413,-0.135133364096912,0.315595747413929,4.4351728387682,2.66399397184421,20.0244906608543,-26.5625049911323
"Javonte Williams",222,-120.877088244406,-0.531445785669393,0.322453487323783,4.47075499705116,2.76176957283544,29.2246875607918,-24.8372960578792
"Isiah Pacheco",61,-11.6493251294934,-0.25687185488247,0.441666666666667,3.96528551136364,2.66398671679198,12.2985347985348,-16.7108623844979
"Jaylen Warren",180,-8.07739880514909,0.0896244251464363,0.411706349206349,3.71244769590167,2.79964193121693,15.988455988456,-14.1292548368015
"James Cook",390,362.266984351372,1.14341137798997,0.391456056106653,3.56293792636537,2.57137414777927,22.5206462863906,19.531934648141
"Rachaad White",264,83.4209485264235,0.342736346139422,0.38304299681305,4.51077912720989,2.66548304987187,22.7283530492087,-15.9716754819718
"Tyler Allgeier",201,113.43927290883,0.433723939054599,0.517864164761975,4.90371435012273,2.79021162217412,28.3313671999803,5.48500247550139
"Jerome Ford",157,167.134596834485,0.995613728424753,0.434524860253016,4.02071164527152,2.84770118000279,3.85683760683761,5.03220676237048
"Jordan Mason",285,391.380890924321,1.44776640683446,0.493384462759463,3.53332999275033,2.84896774698983,29.3820488721804,-5.44239982114776
"Brian Robinson",357,74.6818523850529,0.233445342124423,0.358235861912332,3.8322881708236,2.68694728578203,14.1837533381651,-11.052836564882
"Kyren Williams",632,0.117155884146833,0.0427767718239806,0.391358641358641,3.93735260169713,2.6664971201117,14.722492126086,-31.6795444593105
"Breece Hall",400,10.3175023423261,-0.0416543972576003,0.380297839017351,5.65305841659212,2.90137195014796,12.023486747171,-20.8597637538433
"Kenneth Walker",153,-15.6061020263861,-0.103351669048915,0.403973509933775,4.76017452006981,2.96675187969925,18.3006535947712,-12.1427636038239
"Kenneth Walker III",131,6.16327567413978,0.142426774437998,0.433804563492063,4.97997253862295,3.01789633648889,19.7767857142857,-12.1427636038239
"Bijan Robinson",601,401.559859944075,0.687367448451706,0.47233456183862,4.40173065188447,2.90676302972745,12.8410859714356,17.9365396067896
"Tank Bigsby",303,212.982457915889,0.661523501725902,0.378154589921057,3.70837104907358,2.68775175907426,26.2268287268287,-0.84089315052433
"Chase Brown",444,112.851443207233,0.222778639498194,0.368980881092682,4.02052611138233,2.64670357014961,19.8009601590388,-4.80563272827405
"Jaleel McLaughlin",163,-53.480470036374,-0.125093533213507,0.399320480404551,4.77495228391161,3.09570055555555,16.6096713021492,-2.71405068910099
"Emanuel Wilson",140,93.8573436170654,0.616494432393904,0.414931881843647,3.72847890419355,2.86656125437063,19.062854621107,7.13580693304547
"De'Von Achane",193,-98.8698767365392,-0.556708597402205,0.3050623885918,5.06301291272561,2.83930675694676,19.5030133265427,-11.2816310102353
"Devon Achane",203,-95.8606822104719,-0.489085113318734,0.301020408163265,4.05988974641676,2.830625,20.1970443349754,-11.2816310102353
"Jahmyr Gibbs",483,403.572121034049,0.926657495825129,0.390558245775611,3.78293682824277,2.87386111342218,15.743402749996,40.4108765275634
"Zach Charbonnet",218,122.363936319714,0.445776241800969,0.422794797794798,3.9089651116319,3.01880247115715,17.1300304633638,-11.2815887777578
"Bucky Irving",351,390.107270587816,1.53444181695387,0.46771767852031,3.36512076590279,2.88629273700883,15.3465714872465,19.8081395053288
"Isaac Guerendo",55,87.9639187412477,2.21225546440553,0.38764880952381,3.5131277889637,2.79115625,38.8839285714286,4.85206715553068
"Tyrone Tracy",192,-18.2141571489824,-0.0968838146222468,0.303191489361702,3.6342073897497,2.71082681564246,17.7083333333333,-20.7138662948379
"Tyrone Tracy Jr.",149,32.135567078901,0.155904941726009,0.305015739239165,3.87622225694658,2.72273010651629,17.711510530138,-20.7138662948379
"Braelon Allen",126,-67.1049145852563,-0.373317650935198,0.373232323232323,4.02394523387158,2.64955193850267,16.7901844532279,-7.61642359342659
"Ray Davis",159,50.2065213522877,0.822234428274356,0.494452266023062,3.89691967918545,2.93633478080227,33.2676320729418,-3.74059050698821
